x1,y1,x2,y2,x3,y3,x4,y4,tx,ty
7.436,-5.22,-5.998,-2.313,-14.239,-2.663,17.248,-10.123,-13.669,-11.385
15.702,0.666,14.642,6.514,-14.131,0.597,-17.543,0.637,-6.451,15.97
-2.041,4.915,-6.831,-11.909,-13.997,3.66,14.051,-4.647,8.029,-16.116
8.894,-15.918,-13.081,-7.127,0.524,8.995,1.346,-0.695,2.708,-13.357
11.37,-3.614,-8.466,-4.473,-2.05,0.426,-0.586,9.456,-14.303,4.597
-0.51,9.226,-5.939,11.376,11.782,0.917,-5.177,-18.255,-18.067,-4.894
-7.338,2.823,0.102,19.263,-5.945,2.728,6.848,6.984,12.101,14.408
2.458,17.242,11.729,-12.779,-9.111,16.044,-7.735,-17.769,0.447,-5.737
-1.768,-15.592,5.197,5.032,11.988,8.526,-10.572,-5.575,-14.956,-10.256
-14.248,-3.347,-7.976,0.792,-6.095,7.257,3.112,12.785,-7.796,12.014
9.695,17.193,-1.097,-18.456,4.825,-19.313,-10.41,13.709,-18.647,-0.442
11.067,-6.996,4.793,1.975,-15.209,-11.729,-13.797,-6.754,16.892,7.817
-11.13,4.026,9.063,-5.273,2.098,-7.945,2.418,0.768,8.128,14.482
-0.368,5.765,-11.096,8.651,-17.496,-8.265,-7.425,-1.761,9.929,-17.24
12.326,-4.823,-6.525,-18.823,6.628,2.522,-8.512,-1.728,10.404,-7.345
-12.188,7.722,-8.678,1.508,-9.329,-5.146,13.05,-2.176,-6.569,-17.838
7.079,6.9,-1.42,8.456,-0.258,3.49,10.791,-16.461,-12.255,-11.797
4.739,10.447,-1.126,-2.055,-2.491,-3.838,1.852,11.625,-12.091,15.481
-18.507,-4.725,16.364,-9.154,4.14,3.175,-3.549,16.286,8.89,-9.68
0.529,1.659,-0.721,19.177,19.048,-2.154,-15.396,5.02,-3.168,-10.647
0.824,3.645,2.623,12.384,3.439,-15.834,-3.356,8.293,-12.243,-3.572
-14.156,-13.679,7.192,-4.031,-4.343,-4.597,-13.563,-0.854,5.916,4.027
11.421,-7.078,3.412,8.649,-11.897,-8.484,2.924,-15.48,19.718,-1.716
12.95,6.005,-1.281,5.456,5.546,-15.866,-3.203,-19.106,7.306,-3.362
-14.171,-4.081,4.702,-5.081,-16.402,-7.412,7.61,-0.518,-1.775,-17.205
-15.091,1.619,7.138,10.067,-10.755,-8.056,10.583,-3.677,13.212,-1.264
-15.755,-6.191,-6.368,-13.755,6.47,14.152,9.276,11.962,6.449,12.746
6.51,-12.846,6.94,2.916,8.817,-12.678,-10.444,-7.483,12.508,-2.919
9.899,0.824,-14.68,1.621,-17.802,-6.194,-2.623,2.677,-9.585,9.717
-2.775,17.285,-13.407,-13.752,-1.034,9.308,17.006,-0.002,-19.047,-1.102
-18.718,-0.957,-2.747,5.021,-7.498,10.466,-2.606,-16.48,-6.049,-12.422
-11.485,0.191,18.472,3.652,-13.331,-5.715,16.264,10.543,-4.24,-12.777
10.475,13.56,-1.657,-3.553,0.465,-12.837,2.701,-18.591,-0.629,-10.244
-9.476,-9.019,-10.09,15.679,-4.88,-0.001,18.593,-3.97,4.392,-13.551
-9.525,-17.348,1.048,6.145,-8.135,14.43,-2.551,8.858,-0.658,-5.069
-14.173,2.691,-7.862,-9.412,-1.226,-19.215,3.589,-9.252,-17.813,-1.041
-16.375,-4.866,-13.71,-8.143,-5.127,-8.086,14.463,-4.204,10.257,5.302
-7.207,-4.202,5.632,-12.028,7.062,-10.887,2.875,-3.186,0.809,-2.936
13.939,-12.808,-7.179,-6.673,-5.288,-9.829,-0.188,2.402,10.198,-10.877
-15.314,2.871,0.009,-0.141,-5.57,-2.91,0.792,15.756,17.287,-6.687
10.734,-15.193,-14.674,10.873,18.897,-3.419,-8.132,2.374,11.412,-4.753
5.113,6.188,-4.508,6.932,-17.593,-0.65,-14.049,-11.567,4.206,14.888
8.891,11.787,-0.016,15.836,-0.27,12.464,-12.709,-15.07,-16.574,-2.907
11.651,3.888,-3.585,-11.408,-15.542,10.085,-2.958,4.381,-19.532,1.601
7.555,7.985,11.762,-9.549,-8.439,15.925,9.474,-3.587,13.192,-5.334
-7.787,-6.184,0.225,-13.233,-0.333,-9.58,16.766,-6.874,16.106,1.993
2.896,-7.075,13.408,-5.628,-14.613,-7.17,-8.48,-14.959,-13.747,1.827
11.48,-8.338,16.745,4.537,-19.4,1.913,-11.886,10.465,14.459,3.543
1.893,-15.942,-10.807,8.36,5.572,12.537,-5.4,-10.237,8.756,7.01
-8.69,-4.804,6.941,12.968,-12.708,-8.023,6.382,4.127,-13.818,8.562
9.169,7.095,-2.861,6.96,-7.186,-3.987,4.518,15.067,-14.092,-1.229
-4.002,12.362,-7.902,10.451,-9.338,8.677,-3.704,8.657,15.874,-9.403
7.688,8.127,15.578,11.656,-14.329,11.503,-0.63,10.194,-11.633,10.331
-11.661,-3.771,-11.278,6.169,-8.093,11.906,3.538,-6.809,-5.565,4.805
-3.86,13.475,5.724,1.337,-9.25,-0.936,-8.757,8.537,-3.637,7.985
-1.819,-9.627,-12.797,2.767,-8.862,-11.774,-5.371,15.802,4.309,18.966
1.87,-4.234,-3.531,-3.212,-10.126,-9.681,-3.91,-12.067,9.648,-0.618
-6.05,2.338,-15.353,-5.393,-0.018,-6.673,-13.891,-12.599,5.307,3.378
-4.881,2.918,-13.895,-0.52,12.452,8.068,-17.9,-7.12,-7.581,6.725
-9.448,14.922,17.696,-1.171,-6.13,15.959,-1.955,14.405,-6.276,16.383
-7.3,13.232,13.076,8.346,-6.226,-4.024,12.354,14.413,12.247,11.262
-0.437,15.61,-16.872,-6.002,-0.94,5.847,9.899,-8.076,14.246,11.696
-3.347,7.191,7.084,-9.993,-6.528,-9.065,4.417,-12.021,-15.2,2.553
5.078,12.322,-14.329,-1.467,-3.886,-14.538,-13.677,0.299,-4.093,-11.833
-4.938,-19.189,16.801,-3.346,7.22,-6.081,-18.39,7.664,10.268,17.06
9.17,-13.772,-3.869,18.161,-17.006,-4.122,-11.331,14.602,15.013,-11.848
15.672,5.732,2.031,-13.137,4.17,-14.403,11.621,-9.5,3.455,-4.729
-10.229,-2.697,-0.804,8.468,8.126,-8.429,-11.275,13.515,4.689,-0.44
9.872,16.015,8.828,2.603,-5.442,16.458,12.004,-7.021,-19.713,-3.068
4.72,-11.257,0.638,16.626,5.673,8.075,-19.421,3.638,-8.722,2.532
-12.631,7.763,-18.943,-3.165,-5.382,-9.773,4.622,-16.464,-14.826,2.61
6.951,15.186,2.836,-8.119,-12.465,-1.457,-12.527,12.243,17.257,-9.194
-5.084,-13.624,10.456,14.03,5.836,-3.26,13.785,6.663,-0.101,11.723
6.679,15.542,9.238,10.643,6.293,13.859,4.925,-18.212,7.15,-9.878
0.078,-17.782,-9.546,12.627,1.668,1.624,1.913,19.034,2.638,12.745
0.42,-13.129,-2.706,13.552,-17.096,8.305,-1.196,14.163,-2.373,11.965
1.344,7.457,11.318,13.263,-14.116,8.355,-0.692,9.206,-1.974,6.757
0.962,16.232,-8.174,8.864,7.454,0.261,2.136,-10.07,-0.913,-18.307
-2.422,9.285,12.909,0.339,-5.661,-3.845,1.422,-6.355,7.424,-13.74
2.622,-14.682,16.238,8.923,10.755,12.854,-3.129,-4.12,15.247,-9.63
-7.856,10.091,7.255,-6.133,13.549,3.608,-6.54,9.864,11.113,-4.953
17.37,4.143,1.213,-3.208,-0.601,18.555,-15.225,10.56,-19.027,-4.833
18.823,4.198,3.494,-17.085,-5.705,1.749,5.761,-14.845,0.604,16.439
4.637,10.536,10.443,0.858,3.46,-1.194,-10.168,5.142,9.998,4.888
1.369,-10.541,-5.017,11.904,11.912,1.279,2.702,15.924,-2.092,-5.735
9.474,3.817,-10.723,13.34,4.65,5.303,3.229,-3.243,-0.42,11.919
-16.796,9.502,2.917,14.452,17.196,-1.749,0.234,11.094,-9.547,9.512
3.821,-17.426,-11.478,-0.567,3.724,-9.921,8.07,3.919,-11.641,-12.886
12.244,-5.862,-13.654,-6.821,8.019,6.529,-0.886,-9.516,-3.284,-11.999
-10.182,-5.709,9.13,-4.148,10.846,-6.91,-3.333,-0.032,11.293,13.608
0.699,12.748,-7.883,-2.51,-15.622,8.639,1.609,2.894,-2.344,-15.626
-6.906,-1.402,-3.718,-16.58,10.316,-8.174,-1.981,2.129,-0.876,-1.899
-9.004,17.096,-6.048,0.111,17.053,6.952,-0.043,1.079,-8.742,-2.722
-1.241,-3.118,8.189,7.792,-17.025,-6.935,-12.47,7.671,15.251,4.981
-6.637,6.131,17.604,-1.126,11.771,11.267,-11.982,-10.406,-15.595,3.904
8.109,9.311,-0.92,-14.737,-15.067,-2.232,-7.961,15.985,-3.652,-19.539
16.551,-2.893,11.29,11.958,10.863,8.527,-12.167,-13.553,14.018,1.955
2.397,-15.917,3.311,-7.613,-10.238,12.335,18.196,-6.073,-0.149,12.932
-18.751,-4.339,-17.134,-9.887,2.996,6.288,-9.17,-16.583,-5.894,-1.094
-2.094,-10.909,-5.083,-17.986,12.969,-13.363,1.0,6.897,-4.725,-9.776
-10.575,14.872,3.998,15.101,-16.624,1.19,-19.249,4.769,10.124,-6.606
6.179,-8.174,10.44,-0.552,9.456,15.815,2.164,-18.355,17.941,-1.235
-3.913,-15.284,7.082,12.223,9.775,4.002,-18.421,-7.417,-2.136,-0.476
5.77,-1.877,-3.111,6.695,-12.625,-0.366,-11.039,15.326,14.781,2.249
6.263,3.284,7.359,-18.274,18.184,1.572,-1.893,-18.88,-14.188,11.197
-12.415,-11.259,10.816,-16.546,-7.202,2.239,-13.33,7.615,-7.679,-3.191
-13.882,-7.043,-4.682,7.074,-18.579,-5.337,-0.108,-18.148,-7.75,2.96
-10.218,-8.793,-3.87,5.72,-3.765,16.16,-0.015,-13.933,10.282,6.246
-8.211,8.631,-14.637,-10.588,14.322,8.715,6.504,-9.936,7.026,-5.926
8.145,9.129,-6.511,-0.394,5.214,-12.793,-5.696,6.289,-1.337,-19.136
12.811,-11.472,16.536,-7.092,-12.176,-3.509,12.08,-3.667,-9.041,-6.692
15.846,-6.185,-16.396,11.338,9.969,1.186,-16.551,8.533,-17.296,-8.033
-6.517,18.819,-5.405,5.672,-0.265,-3.597,-1.129,-11.466,9.259,-13.572
-4.783,15.139,1.69,1.585,-13.926,12.256,-4.097,-7.497,19.31,-3.726
-0.297,5.564,-3.553,-11.455,13.386,0.055,-8.304,-12.944,1.764,-7.051
5.638,-4.562,-13.785,10.847,0.225,4.831,8.712,-8.26,4.404,-15.911
9.38,16.73,3.024,11.647,-8.962,3.711,2.895,-9.907,-3.788,11.001
-4.731,5.156,8.234,-8.438,-9.353,-6.279,8.681,14.211,6.647,15.404
0.214,-9.795,10.63,5.654,16.628,6.385,-5.637,11.643,11.346,-13.585
7.881,-4.295,5.965,16.94,-1.212,2.4,7.318,-7.55,5.759,3.369
-15.846,1.313,-11.613,-14.046,9.045,16.126,10.105,2.762,-1.431,11.516
-9.999,0.52,-4.187,-1.049,7.44,13.168,-0.335,-10.49,-5.471,10.794
0.703,17.451,-15.835,4.362,18.171,-4.247,5.177,-8.686,-2.405,-7.2
-6.623,-5.786,-6.818,-8.904,1.941,0.048,12.473,3.959,-10.296,-16.396
9.568,7.976,-9.472,-7.964,10.416,-15.686,14.504,-7.58,13.105,-11.445
-9.302,11.186,-11.146,4.574,-9.661,14.912,7.099,14.898,12.35,-1.663
5.261,-15.547,-8.347,-15.137,-5.042,-1.959,14.438,-11.018,14.66,-11.896
-0.857,5.112,-0.791,-6.232,11.93,-14.408,-7.805,-17.512,11.24,-3.093
3.088,0.83,-1.289,5.874,4.284,-7.124,-3.639,2.644,-15.465,-5.141
11.829,-8.932,-0.121,-10.918,7.315,7.688,-7.644,-3.287,2.136,-16.088
12.333,-3.383,10.102,11.896,-17.395,-6.385,-4.473,-3.271,3.073,-11.685
3.677,13.638,-18.746,-1.419,-11.467,6.573,-15.294,9.133,12.119,-14.314
5.394,8.639,4.441,19.265,2.604,-14.734,-0.068,16.457,3.626,16.292
8.327,-9.509,-5.112,4.345,13.122,3.045,-12.301,7.338,5.655,2.902
-13.316,0.782,8.339,-14.736,-7.727,7.816,7.703,-2.236,10.326,-14.881
-8.538,-8.822,-14.323,6.567,-0.576,-15.133,-5.189,-17.342,-5.272,-0.143
-7.899,11.859,-0.989,18.044,8.072,0.083,3.733,18.804,-8.043,-7.878
5.621,-2.255,12.163,-1.653,14.086,10.776,-5.034,-10.31,16.005,11.346
-15.457,-6.322,12.707,-1.81,-12.382,7.581,-18.15,-6.11,8.854,13.145
-0.183,7.234,-9.953,-1.111,-15.928,6.468,-0.671,-2.79,-18.65,5.728
11.598,-9.56,2.711,-10.117,4.264,-2.303,0.791,17.454,-17.148,2.893
-13.693,-7.79,-8.829,-10.626,-8.803,-1.85,0.753,-3.699,-3.673,7.626
-5.754,-5.826,17.114,4.384,-7.829,-12.552,-8.411,15.94,16.141,-6.839
-8.903,-10.366,-1.05,-2.521,-11.564,-4.274,-14.226,-1.048,4.647,-7.172
-2.128,2.405,-0.742,8.184,-17.094,-1.594,-10.608,-6.727,10.494,-0.537
16.918,-6.15,10.185,-8.461,6.353,2.74,-1.387,-2.101,2.857,-17.368
-3.254,-16.328,11.855,14.563,1.745,-10.974,-7.578,-12.35,11.807,-12.391
-9.464,10.835,6.716,-9.873,0.308,-3.63,-14.027,-9.634,-4.736,2.146
-7.938,-7.657,13.991,4.321,18.5,4.209,-5.829,-9.457,8.579,13.54
7.345,1.141,-12.272,-5.183,7.153,-3.619,-7.212,-12.073,4.156,-7.146
-10.769,-12.583,9.923,-10.182,-2.505,-4.063,3.147,-17.206,17.194,-9.42
10.042,-9.284,10.88,-12.141,-16.22,8.883,-9.987,-3.87,6.204,-10.696
-16.588,0.593,-10.068,3.627,-16.51,1.965,13.759,12.563,-0.433,-5.75
-17.173,4.311,-15.097,-0.816,5.239,-2.582,2.886,7.535,-13.366,8.006
8.635,14.73,7.802,17.577,-18.96,4.944,-6.641,-14.697,-6.285,17.253
-1.313,8.686,-2.201,-10.436,5.692,-4.133,-6.064,6.258,18.404,-0.005
-18.552,-2.881,7.969,-15.072,-3.63,-13.032,6.687,3.375,-2.672,5.001
-6.993,-15.902,-7.902,0.742,-0.651,-8.339,-9.733,-3.451,-1.898,1.376
8.43,-12.339,-12.286,-14.134,11.596,15.463,1.166,5.497,11.879,2.588
6.519,0.629,-3.89,10.094,2.025,-6.233,3.324,0.067,-6.046,-14.167
-7.293,5.758,-10.937,-7.561,-1.286,-19.577,-5.997,-6.927,14.822,0.249
19.37,-4.068,-4.591,-14.081,-12.082,9.484,-2.534,-6.89,-11.659,5.175
-12.185,4.488,2.245,-2.271,-10.243,6.771,6.567,-9.631,2.632,10.161
-16.917,7.654,5.204,1.34,-16.298,4.56,-2.085,-14.521,-3.171,6.189
13.643,-6.538,-11.542,2.591,4.092,0.728,-7.894,12.482,-17.649,6.527
5.986,10.648,-4.428,4.46,5.729,-12.934,14.288,8.288,10.29,-5.491
-16.46,-4.24,-4.228,-12.991,9.512,3.401,5.568,2.42,0.324,1.688
13.063,3.192,-17.336,5.397,-11.378,-9.503,7.592,8.578,-12.221,-6.166
2.491,4.593,-10.597,-10.754,-7.293,2.966,14.102,9.398,-8.852,-6.57
-3.429,-17.595,-5.097,-8.841,-17.877,8.849,6.479,1.717,5.182,-1.548
-4.492,-14.252,12.071,-11.007,5.935,-15.251,-4.475,16.433,-3.773,7.676
-1.337,5.874,-17.808,-3.368,3.171,3.704,-15.466,-10.476,10.118,10.5
-18.362,-7.597,-5.299,-17.676,3.688,-11.154,-0.626,-19.924,2.29,-3.459
-5.294,14.889,-13.76,11.722,-9.504,14.945,10.247,-2.775,-2.404,10.218
10.17,7.967,-0.771,-0.207,11.635,7.924,1.33,14.273,-17.585,-3.208
-3.182,-17.734,-0.834,10.913,-13.42,11.659,4.829,6.967,1.19,9.747
5.162,13.573,-7.086,2.28,8.23,-15.902,-8.118,-1.641,4.801,-14.068
-11.209,-3.844,6.652,18.069,3.218,18.448,11.164,-2.121,10.142,4.646
-14.674,-5.099,3.614,14.879,10.582,11.258,-14.091,7.969,5.307,12.677
-3.042,-17.003,0.021,-0.298,4.665,-19.123,3.81,-1.43,0.411,7.333
-9.965,4.9,9.672,13.066,14.078,9.133,-11.752,14.334,15.001,2.838
8.487,-13.301,-3.314,18.718,-15.988,-5.059,-5.17,6.433,0.056,-15.36
5.668,17.859,-0.886,-3.339,5.801,12.346,1.89,-16.596,-7.869,13.389
8.97,16.392,-2.597,-16.18,1.554,-12.316,-13.208,9.322,3.917,7.492
-10.126,-2.311,1.975,4.853,4.198,-9.952,-0.01,17.693,-2.932,10.096
9.228,4.414,-7.599,9.922,-11.449,-14.24,-3.951,8.094,15.322,-3.31
3.543,-15.589,-11.927,-13.84,-18.144,2.668,11.705,-6.906,1.525,-7.752
-3.878,12.342,-2.74,17.536,13.394,-3.161,13.364,-0.672,17.825,-8.676
3.738,-10.694,-19.522,1.391,-1.449,-18.025,12.209,-9.831,-11.664,-15.106
-17.015,8.409,7.435,-10.616,-12.341,-0.492,3.816,-9.327,8.496,-2.556
11.485,3.645,7.147,-1.654,-5.754,-17.044,12.333,-6.542,-0.231,-18.228
-15.816,7.254,2.636,7.131,2.146,4.171,8.796,15.684,-9.754,7.908
5.25,18.653,15.795,6.949,-5.694,7.735,-15.057,1.428,9.332,-16.289
1.422,12.886,-10.93,15.683,-8.661,4.744,2.054,-0.085,6.919,-7.883
-5.316,18.286,7.543,-15.013,3.208,-2.71,2.697,-10.749,0.078,-12.306
12.543,-0.829,-9.79,0.139,-8.852,-8.084,0.482,-1.039,-19.377,4.298
-0.257,-3.077,14.585,13.414,7.531,-11.855,6.647,8.877,15.415,11.799
-0.73,-15.036,5.096,8.494,-0.098,2.738,7.276,-8.862,-6.263,7.153
4.907,19.218,-18.067,-6.428,-8.001,-11.019,18.294,-4.403,6.447,-8.016
-16.427,-7.857,12.082,-4.441,-18.097,2.042,12.323,-5.691,0.444,-12.292
-4.156,16.164,0.688,-5.266,-5.515,9.81,19.304,2.032,9.12,-0.479
12.162,5.767,8.802,17.16,-17.153,6.895,-7.587,-17.766,-7.025,1.254
2.344,-12.741,-4.978,14.948,10.388,-3.217,5.305,-0.035,-2.199,9.496
13.07,0.88,-9.366,-15.774,12.274,12.795,-3.504,-10.513,10.753,6.028
-0.912,-3.221,0.141,15.141,3.292,18.723,-6.9,8.418,15.623,9.998
6.923,-10.118,12.37,11.291,8.755,10.942,-1.17,-12.328,13.049,4.964
-16.749,-4.536,13.346,-6.095,3.075,-3.012,4.124,-1.893,-12.044,0.989
-13.204,-9.964,-4.443,3.795,9.565,-6.687,5.804,-5.882,-9.744,-4.564
12.318,0.179,-12.17,-10.118,8.009,-1.729,-17.481,-4.892,-0.883,8.767
1.225,-14.197,14.136,-10.989,-10.751,16.085,13.923,0.578,-0.833,-7.196
6.656,17.441,15.626,-9.519,6.335,11.685,1.493,-2.887,-5.457,12.981
5.401,-3.769,0.71,-1.125,-0.004,9.204,16.229,-7.461,-6.109,-18.181
-0.313,-11.037,1.783,-12.292,-4.67,-6.771,-15.382,2.098,-8.697,9.019
10.17,-16.404,-8.156,3.693,16.414,-10.275,-12.329,-12.801,-16.555,3.141
16.401,8.15,5.387,9.521,-3.42,-17.276,4.885,-18.355,17.364,-0.916
-12.062,1.881,-11.224,-9.711,-7.557,17.012,1.384,8.407,-15.539,-8.004
-7.98,-12.827,14.066,-10.582,7.647,14.708,18.688,-6.839,-1.858,9.662
-13.845,-12.806,7.334,11.057,10.864,-12.208,19.086,4.569,11.689,-11.264
4.48,-1.87,-4.453,15.616,-13.207,0.407,7.802,-2.148,4.11,14.189
1.262,-9.157,-18.826,3.721,-0.605,-8.552,-2.906,17.903,-10.503,-13.607
14.688,9.546,6.038,8.703,8.989,-14.262,-12.559,-14.886,-14.308,3.385
0.037,-8.227,-18.078,-6.999,-3.301,18.741,-14.874,-6.57,9.889,-12.905
-2.846,-4.582,11.893,-9.213,1.518,-15.031,-1.521,-10.237,-4.608,18.805
9.853,6.196,1.546,18.907,-6.279,6.389,1.845,-6.838,-17.316,-5.967
13.571,-4.565,9.993,6.573,11.638,14.704,4.914,18.845,-9.81,-16.589
2.286,-8.487,5.821,-1.603,-12.994,-3.073,-15.607,-7.905,16.363,-11.318
11.623,1.621,-0.247,15.195,-0.437,-17.511,0.224,8.044,5.635,-18.816
-16.122,-1.187,12.802,-10.533,1.335,-15.243,15.753,11.58,4.493,-15.312
11.049,12.635,0.751,-5.585,6.248,5.567,14.283,10.493,7.894,9.605
11.243,13.494,15.761,2.543,1.735,0.867,12.402,10.103,-9.084,-16.444
4.365,-14.38,-1.184,-6.85,-6.256,-7.089,17.147,4.682,-17.346,2.027
-3.913,0.952,-17.385,9.527,1.617,-5.807,-3.079,-18.776,6.445,15.024
-10.245,11.585,-5.459,10.661,8.912,0.846,-1.774,-0.999,14.156,8.905
-3.123,6.61,0.504,-5.773,0.0,-19.26,-4.852,2.536,-5.987,16.727
3.0,-9.93,4.125,8.867,-7.37,-3.536,4.533,6.013,-17.914,-2.076
-0.026,1.327,3.553,7.768,-13.575,11.612,14.646,-8.814,-0.543,-4.196
-7.72,8.91,-14.639,-7.106,3.874,-12.561,-2.066,-19.798,-4.936,2.393
11.049,13.388,-2.756,-19.73,-8.837,-5.235,-16.818,6.246,9.897,10.077
5.093,-11.788,4.416,-6.043,-7.321,-17.604,-17.87,-6.485,7.141,3.26
-12.256,15.278,8.151,1.991,-8.064,9.127,0.263,18.717,-14.35,-0.727
-7.77,11.641,-14.678,-4.463,17.769,-7.034,-10.135,-1.786,11.461,7.692
-3.005,-17.499,-3.619,0.675,-5.942,-2.993,-6.345,-15.709,4.872,3.015
-3.698,12.225,-12.368,10.19,8.713,-3.806,-0.78,11.16,-5.25,9.494
-7.51,13.385,6.801,-17.99,12.135,2.393,-7.937,-17.057,-6.672,-7.304
-13.263,11.396,-3.633,16.235,-3.334,-13.251,8.041,0.43,-18.177,-5.543
-1.722,-0.713,-19.797,2.564,9.051,8.668,11.444,9.149,-18.176,2.419
-0.756,7.568,7.329,-9.95,-1.502,-4.838,-1.795,-14.687,-17.257,4.227
8.523,-14.22,6.148,7.532,5.777,14.18,-12.017,-7.491,-5.597,6.081
-11.286,-10.081,1.81,-15.135,7.181,-18.379,-2.459,5.187,16.435,-0.148
-13.591,-11.559,-0.61,5.664,-17.558,5.864,1.788,0.399,-10.877,-2.591
0.855,0.484,-1.113,15.438,-9.965,-10.744,0.848,1.962,6.802,-17.104
2.209,11.375,17.939,-0.656,18.736,-5.852,-9.347,7.717,16.433,0.259
-9.618,7.035,11.338,-6.834,-17.576,-5.011,3.395,16.263,10.099,-10.565
16.412,10.538,-12.212,5.747,-17.744,9.221,-13.604,-1.008,-8.095,-6.693
11.359,13.162,-16.305,10.524,-7.026,5.202,11.809,-6.194,-1.193,15.094
8.99,-7.311,-7.649,-4.513,8.124,-9.522,-12.146,4.606,5.936,-1.654
-0.38,-8.557,-13.923,-1.311,-0.242,-3.697,-5.788,4.805,16.635,-8.154
-14.046,6.644,17.525,6.507,15.145,8.376,-7.571,-13.371,6.433,0.94
-15.148,0.05,4.554,7.395,-14.229,-2.808,2.775,-2.073,-5.486,15.037
9.512,17.278,15.495,-11.012,-9.815,-0.884,11.792,-14.908,-4.144,1.573
-0.658,-2.932,-13.832,14.077,-13.077,-3.311,-2.817,0.355,-17.976,3.136
-5.659,13.682,9.471,3.297,-1.362,0.326,-12.605,14.658,-14.109,4.542
8.071,-7.568,-9.739,8.908,-4.28,-8.468,6.635,0.367,-17.159,-7.781
11.048,-1.429,-2.559,7.18,10.51,-9.137,-17.297,-4.102,-19.554,0.878
-17.74,-6.941,-13.104,-4.756,-5.573,-7.784,7.499,11.082,7.107,0.611
-9.125,-15.445,14.595,1.735,-5.199,6.718,-8.696,9.257,14.941,7.878
-14.919,2.528,-4.088,8.084,-17.25,1.02,15.662,4.547,-2.934,-1.478
-18.108,-5.184,12.344,14.417,-15.406,-12.478,12.972,11.053,-3.123,8.437
-7.429,7.916,-4.226,-0.191,-0.972,2.639,-5.751,-6.547,-0.999,-12.458
-3.436,-11.141,-5.758,-17.84,-10.833,-15.66,-7.858,-3.539,-16.108,9.703
11.135,-1.699,14.165,-10.751,-0.739,14.116,5.674,17.49,17.311,-4.048
-10.658,-5.181,19.167,-1.522,-14.02,-2.16,-13.24,0.352,12.621,-2.812
-14.185,-2.925,16.1,9.173,-1.122,-12.427,-16.204,-3.266,-13.077,10.388
0.73,11.068,-16.918,-3.604,-7.823,-12.783,5.721,-6.274,0.292,-0.865
17.846,-7.832,-2.029,2.853,-4.967,6.161,3.68,-4.127,-17.049,-6.328
-2.948,15.271,0.485,0.673,3.658,-6.334,11.617,-2.768,-5.066,13.777
-8.919,6.09,-0.031,3.901,-15.932,-1.557,18.223,-4.174,-15.358,-1.168
-16.242,10.331,13.508,12.852,5.639,13.168,1.873,-4.459,1.914,1.903
12.42,3.104,-4.955,4.678,-7.441,18.19,3.243,15.738,-12.42,11.714
-7.634,-7.835,4.39,4.593,-1.99,3.356,-1.025,-5.587,-5.694,-8.686
13.795,14.323,5.616,-6.924,3.911,12.621,4.591,5.96,-5.299,3.56
4.66,-3.78,9.409,-9.013,-12.307,-6.675,-0.153,12.103,4.183,4.419
-1.201,-5.14,16.967,7.86,-3.524,-4.295,11.86,-3.785,1.219,-15.507
0.467,-18.784,-9.217,13.342,12.928,9.545,-0.945,-10.144,2.129,15.783
9.117,-3.164,-1.7,-11.256,0.754,18.615,-18.012,-7.181,-4.385,1.614
-10.605,-3.19,18.714,5.465,16.074,8.584,4.796,-13.3,18.408,-4.726
-12.319,-2.139,14.787,-11.323,7.258,-6.638,-10.448,-9.722,0.732,9.903
8.536,5.601,2.947,3.46,10.268,-1.117,2.278,-2.135,-1.057,-2.027
-3.916,-10.523,1.135,-13.264,14.18,0.313,0.141,3.581,-7.732,3.325
-0.136,6.787,-4.585,-8.711,9.354,7.883,3.633,4.985,10.377,12.695
-13.342,12.326,-13.328,14.726,7.342,4.257,-4.608,3.734,-3.209,19.577
-8.226,-4.83,0.993,13.432,12.917,-4.948,-12.143,-11.348,10.331,7.124
-4.894,1.631,15.454,1.99,-0.091,-15.755,-4.709,-7.255,7.671,-12.855
-6.778,6.337,-5.238,1.502,1.063,10.549,9.575,-1.7,-3.157,6.147
12.761,10.685,-14.75,7.975,-2.204,8.199,-18.1,-2.215,3.214,19.627
-3.345,6.82,10.068,-8.642,-4.478,-2.784,18.506,-0.293,3.201,-13.66
8.584,-17.91,-5.348,17.426,-0.97,5.221,-19.627,2.159,6.648,6.958
7.184,-14.929,-0.344,17.932,-15.031,-2.491,2.713,-7.41,-10.75,-6.228
1.818,8.92,-10.374,-5.33,7.906,18.333,7.179,-10.674,15.359,9.363
-6.942,-7.834,5.356,-10.613,0.827,-0.339,-11.534,8.654,-8.017,-1.878
-5.833,12.676,5.061,-5.654,-14.423,-4.524,-6.115,15.545,10.143,11.571
-18.116,2.89,4.615,-12.907,-5.707,17.922,0.037,0.886,13.785,10.948
-11.943,10.762,15.288,11.158,-17.211,7.545,-15.908,10.819,7.335,12.989
2.017,-13.764,-16.457,-0.349,7.127,10.315,-4.223,13.844,0.294,10.356
-11.545,2.115,10.721,-5.49,-11.03,-13.529,-10.354,-15.412,-15.04,-0.484
-6.93,-18.094,-7.051,-15.589,13.169,-11.886,10.637,-5.068,-7.096,7.977
12.329,4.271,19.485,-3.606,5.403,-15.266,-0.882,7.678,4.953,5.698
-4.394,-13.789,-17.889,7.998,-9.574,0.6,-18.676,2.296,-9.297,10.223
5.859,1.503,6.546,-13.477,-9.173,3.506,3.43,14.38,-16.079,-4.733
-4.366,15.033,9.746,-3.935,-5.426,5.413,-2.942,-2.686,-13.285,5.127
9.577,12.368,10.159,2.395,17.31,-6.035,-2.554,10.724,1.899,-9.955
-4.276,7.633,8.93,11.216,10.575,13.248,3.932,-8.945,-15.482,11.77
-18.201,-1.038,-0.764,-10.391,7.221,9.138,4.881,-0.394,2.215,-18.774
8.716,-3.867,-14.751,13.179,11.184,-1.593,-13.611,13.753,-11.479,1.092
9.083,-11.539,-4.372,-18.366,15.91,-10.104,16.777,-9.221,-0.085,12.64
13.378,11.45,18.87,-3.158,12.958,12.156,-5.898,-15.083,15.959,3.129
-6.263,4.889,-0.083,-14.619,9.556,12.366,14.773,5.085,-4.943,11.871
12.726,14.165,15.768,-4.892,-3.397,-13.86,2.36,-6.889,-9.665,15.106
-0.328,-18.076,9.542,2.348,11.196,1.914,10.328,15.878,15.593,0.443
-16.407,0.245,3.207,11.658,10.393,-6.613,13.503,-9.221,-4.968,-1.738
-9.541,-14.768,16.301,-8.013,-5.045,-15.863,-10.858,5.718,6.719,-10.317
8.528,13.206,-8.961,-8.34,-1.171,-3.515,1.42,4.328,-5.01,-7.921
14.818,7.662,-4.813,6.264,-11.471,6.903,11.263,-15.232,0.811,-13.247
-11.158,-5.392,-10.427,-0.796,-6.639,6.033,-17.198,-2.952,19.826,-1.783
-12.471,3.32,0.57,-6.971,-14.458,-2.201,15.257,4.251,3.917,-11.722
4.157,-14.584,2.271,2.965,-0.162,9.265,-3.662,-15.882,18.826,-3.66
-8.67,2.809,-13.685,11.293,7.235,3.236,0.228,18.573,15.012,2.287
0.345,-19.473,8.929,14.337,-17.381,0.318,-14.188,1.458,-15.246,9.452
-2.938,-0.339,-0.912,-11.214,16.303,-4.379,11.241,14.546,-11.356,-3.339
-5.178,11.568,-19.237,-2.477,-3.894,17.681,11.34,9.572,0.569,17.496
17.29,5.146,-12.633,10.956,11.929,-14.073,9.105,-11.184,8.61,8.942
-4.36,-4.292,-11.473,9.129,-10.433,16.375,19.909,-0.228,9.621,-6.965
0.324,-17.518,8.85,-2.272,5.053,-1.567,-8.568,17.395,-5.331,10.601
-10.602,-11.176,-8.745,6.13,3.724,-5.14,-0.288,7.573,-9.181,-8.032
-7.811,-7.208,-15.969,-2.901,14.239,-2.696,13.203,-0.441,5.998,-6.27
8.02,-10.362,2.515,19.218,9.603,-9.119,7.404,6.788,9.273,-0.15
0.275,7.248,10.65,1.319,10.442,-5.591,-12.612,4.487,6.055,-3.106
16.976,8.873,5.617,-0.445,11.236,-7.374,6.284,15.913,7.267,-6.918
3.651,7.624,-0.708,1.058,-6.088,16.561,-0.833,-19.978,-4.328,-3.984
5.631,12.112,-3.139,2.588,-1.351,5.124,3.194,12.616,11.963,14.171
14.681,0.374,2.401,7.26,13.141,7.046,3.639,2.813,-1.377,-2.995
1.086,-18.483,-1.292,12.315,7.599,9.574,-9.336,14.932,7.612,0.895
1.757,-9.918,-16.304,6.955,4.142,-15.632,10.675,-11.667,8.696,-9.898
0.337,-8.044,-14.372,-9.088,18.286,-7.303,1.69,15.798,-7.474,-5.091
11.949,-0.432,-11.716,-15.496,10.616,-1.496,16.238,6.662,14.177,5.472
1.695,0.126,-6.331,7.464,-0.656,11.04,-12.552,6.182,7.229,-13.652
4.921,-13.319,4.089,12.345,-0.44,10.354,14.639,-2.455,-0.096,3.421
-2.632,15.777,-5.456,-4.11,-6.483,-3.654,14.628,-2.973,-11.632,13.624
-5.557,2.629,6.643,4.218,-11.11,-15.611,-13.189,-0.633,-11.817,-5.808
-1.354,-4.12,10.988,9.132,3.017,18.449,-5.943,12.275,12.111,3.624
16.963,0.347,-0.189,-11.999,3.546,18.253,-17.266,6.786,17.715,4.232
-2.227,-7.347,14.729,-8.701,2.379,12.383,-4.451,-7.461,-4.449,6.122
-13.498,8.225,-5.422,-8.882,-4.901,5.622,2.844,0.306,0.01,-5.811
-9.663,-10.07,10.219,13.649,-2.658,9.716,1.966,7.413,-9.979,11.741
-12.171,-8.586,-19.054,-0.615,15.842,-9.723,16.663,-0.039,11.17,4.825
-19.684,2.965,-1.607,4.103,5.32,-0.189,2.43,-11.173,1.848,17.426
-8.249,8.415,-13.069,6.12,-19.071,1.222,-3.51,19.187,-9.862,5.477
0.793,15.004,16.133,2.775,-4.081,7.013,-3.511,8.812,2.414,6.729
10.977,-16.397,8.782,13.811,-2.811,1.927,-2.563,17.476,17.887,1.874
14.936,-6.097,-16.065,5.844,-13.578,-13.066,-3.573,-6.839,2.839,4.293
-11.416,-2.166,1.723,2.813,-3.658,-11.017,-7.33,-12.707,-10.358,-9.571
-14.087,1.763,8.84,-12.084,18.943,5.768,4.653,3.909,-12.917,6.054
15.074,-6.643,7.778,4.224,5.711,-1.941,-13.631,6.521,15.221,-8.365
1.323,-18.213,-5.201,10.091,3.005,9.146,-12.559,12.663,-3.046,15.153
-16.979,-10.4,0.699,-6.943,-7.993,11.152,2.785,14.954,-17.154,0.351
3.303,14.905,4.469,-7.817,7.729,-4.595,0.223,8.191,16.91,-6.255
9.067,12.156,-12.713,6.195,12.846,11.311,-2.198,-10.18,5.626,-6.428
1.1,12.292,-19.605,2.341,1.022,-18.982,-18.256,7.495,-2.375,-9.446
2.077,-15.885,-1.861,-8.015,-3.059,16.115,-0.322,13.21,16.665,3.423
-7.925,12.099,3.356,4.806,-3.839,16.345,1.616,-17.267,-14.366,9.365
-14.224,-3.942,-5.295,1.605,1.393,-6.41,-7.752,-15.901,-11.174,-0.019
-5.943,-18.386,-1.229,-10.24,4.779,13.132,2.387,11.525,16.077,2.754
-2.924,-7.252,12.821,10.525,6.977,9.726,-2.063,17.486,8.846,13.312
-6.468,5.418,-0.535,-3.483,-14.483,11.713,-2.858,-4.464,-5.391,-9.439
-7.354,-11.121,-1.436,13.879,9.331,-1.424,2.362,6.621,-16.123,7.142
-18.365,1.952,3.103,-10.617,15.443,0.967,-10.784,6.696,-0.773,7.662
14.916,-12.499,-14.373,1.663,0.51,10.092,14.237,8.24,-11.936,5.976
-18.402,1.976,-2.413,-4.608,15.153,-6.756,-11.477,3.504,11.132,10.684
1.967,10.857,13.391,-10.004,-6.369,17.755,-13.97,1.511,-6.633,2.337
13.66,-10.863,5.268,19.225,-6.965,13.258,17.715,-8.922,-7.498,15.259
-17.926,-4.937,-18.171,-3.815,-14.121,13.927,15.161,0.346,-6.369,7.722
-8.363,-0.816,-6.063,8.573,-11.534,-9.292,19.374,4.739,5.875,13.704
-4.099,19.188,8.168,5.0,-3.991,13.865,-5.203,8.39,7.209,-10.637
8.569,-9.521,-3.63,17.36,6.428,8.725,-14.541,6.277,1.776,-3.803
5.931,-4.31,13.773,12.581,-15.025,11.581,-5.138,-6.552,-15.287,-2.18
-2.083,-17.084,-5.77,5.896,-7.155,13.43,0.779,17.398,-4.782,-16.582
-5.942,7.991,-3.168,-16.483,9.571,1.296,13.595,-3.901,-13.478,6.854
5.172,-15.376,-1.522,15.461,-9.209,5.549,2.031,12.908,-7.52,5.228
-3.682,11.618,8.072,-4.06,2.594,10.58,5.485,17.852,-0.576,6.818
9.206,5.965,10.055,-0.204,-6.623,14.87,-13.106,-6.581,5.802,-8.485
10.457,15.697,13.345,6.466,6.305,18.244,-15.968,-8.686,-9.372,1.238
9.297,8.402,4.464,1.338,-10.568,5.835,8.835,-14.705,-13.006,-9.157
-4.155,-6.01,-10.162,15.46,-12.952,-6.322,-9.231,13.715,-16.302,7.313
11.717,2.133,-5.519,1.506,9.8,11.909,-6.656,-5.613,-2.906,3.403
-2.944,3.904,-10.157,14.54,-16.714,3.092,-15.35,9.148,10.642,11.552
8.884,4.301,-10.818,2.063,-3.806,-7.154,-6.125,0.041,-7.558,11.331
-11.159,1.733,17.432,2.76,-9.717,-6.105,17.615,0.783,-4.405,-3.82
-12.009,6.994,-4.05,3.26,4.909,-18.867,12.042,-15.325,-10.818,0.551
-11.199,12.52,-13.819,-6.213,-8.771,3.122,7.809,-9.041,-2.965,14.041
-0.483,1.803,3.575,-19.537,17.369,-4.474,-9.415,-5.226,7.485,-7.274
-11.338,-1.402,8.04,14.497,-12.59,-1.529,-4.146,13.614,-2.789,-5.691
5.935,7.675,7.749,-0.899,-10.661,15.644,14.635,11.162,13.108,4.03
-14.894,-6.702,1.092,15.565,14.072,0.083,-5.004,-7.061,-16.942,-5.329
8.136,4.115,10.205,-1.186,-18.389,-5.898,-7.492,-13.937,-2.151,17.38
7.778,1.609,3.824,15.156,12.464,-14.935,-12.113,6.374,8.821,9.241
-0.923,-8.593,-4.892,11.213,-9.139,15.006,-9.836,-6.689,9.786,11.635
-13.382,-8.687,7.603,7.405,11.595,-4.661,-6.667,-6.927,11.901,1.698
6.671,-18.193,-0.977,-14.465,-9.584,-15.041,-9.04,9.307,-6.704,-5.223
17.055,2.2,3.416,12.758,6.418,-7.226,4.695,-0.311,13.973,0.903
-19.017,-5.017,-15.76,4.407,8.214,-1.666,10.797,-4.358,5.421,17.788
-3.004,16.921,3.842,-3.35,9.293,16.336,9.353,-16.938,-1.787,16.643
6.838,-0.991,0.037,-4.813,-10.769,-8.661,-2.339,-9.25,-14.981,3.614
6.813,-3.307,-9.604,2.255,4.993,-7.651,-17.254,5.926,-2.186,-6.78
2.755,13.658,14.119,2.454,-4.118,-4.447,-8.273,6.841,-6.519,-11.218
-2.225,-0.895,6.637,-16.64,10.509,2.792,8.28,16.302,13.465,9.143
9.502,-10.549,11.982,-6.25,4.252,7.377,1.082,7.341,15.882,-6.373
4.731,-10.729,-9.144,3.458,-7.388,15.235,8.626,2.675,-9.538,11.834
-6.712,5.142,-16.11,-2.628,-15.932,-6.37,-7.039,7.123,2.905,19.492
-9.23,14.725,-16.601,-4.505,-0.587,-17.881,-11.804,-13.998,-0.532,-17.826
-1.812,15.34,14.358,8.573,8.81,-0.59,13.156,2.28,-2.184,-6.391
15.593,-2.649,0.482,-19.819,2.846,6.917,-0.117,-12.975,-7.957,-7.218
14.523,-0.708,-1.997,16.618,9.665,11.128,2.0,-7.552,-5.029,-8.563
-1.786,-10.307,-7.641,4.173,-0.02,6.23,7.887,18.0,-9.376,-8.394
1.711,11.887,6.417,11.128,1.985,12.997,-10.756,5.021,-9.502,5.54
2.237,-2.118,-9.025,2.853,1.795,0.656,-11.49,1.079,15.638,-0.398
-14.928,-12.068,-17.932,7.444,13.361,-0.386,-3.588,-2.073,-13.266,13.171
-13.044,-1.086,1.403,-1.376,-15.589,3.611,-8.32,14.647,-9.352,8.58
4.858,15.258,-4.721,-18.922,-0.907,-10.474,4.885,12.32,-10.63,7.242
-7.613,-8.671,6.208,2.611,6.566,-14.716,5.605,-6.082,-7.306,15.87
-6.533,-2.581,-10.595,2.473,18.988,2.96,-0.633,-19.802,-2.988,9.539
-7.652,7.306,0.355,6.546,-0.214,7.698,12.879,6.769,2.799,-5.181
7.836,-10.459,10.561,8.324,11.089,-2.933,16.005,1.979,10.647,4.208
-5.619,-7.754,-13.043,13.281,6.365,-2.74,12.589,5.068,-0.672,17.344
-6.037,5.889,-1.686,8.048,-16.302,-0.478,0.425,-2.346,-9.635,-10.85
16.018,-3.387,2.063,-2.206,-4.934,3.971,6.822,8.912,11.547,3.166
15.334,8.301,-8.497,-1.969,14.503,-2.184,-8.699,-5.899,14.077,6.533
-6.637,5.317,6.081,-14.281,-3.084,13.019,-6.713,11.087,11.315,12.478
-1.314,17.953,-9.435,-11.776,-11.826,-1.013,2.808,-4.477,9.602,10.738
-12.939,-0.221,15.778,4.996,-11.605,1.724,12.327,14.559,9.293,-11.587
-15.263,-1.648,16.975,1.688,-1.715,18.745,-6.938,-14.936,10.406,-17.07
15.431,12.072,-16.702,-10.746,0.285,1.333,1.341,10.987,1.066,-13.225
-13.529,12.36,4.64,-10.343,-11.743,-10.082,0.05,2.467,-2.895,-13.138
15.668,-0.252,2.281,18.526,-4.759,3.468,-9.989,9.99,-2.089,13.467
-19.22,-1.636,-14.953,-6.691,15.035,-8.052,-9.385,-12.101,17.721,5.329
-0.154,5.865,-8.192,14.885,-7.677,4.425,-14.671,5.58,18.922,3.122
-4.818,18.016,7.537,-12.682,5.798,4.697,-8.977,16.467,5.554,-12.118
-4.445,14.937,-2.829,17.084,0.349,14.269,-11.917,1.283,13.356,11.73
-6.215,9.438,-17.016,-6.938,4.5,5.688,7.945,-15.139,-8.153,16.529
-9.669,-12.496,-7.629,-9.49,-10.833,-2.169,-6.596,3.102,-8.91,5.876
12.084,-9.883,13.201,14.237,0.441,19.872,6.284,2.82,3.846,14.952
16.349,3.883,-9.265,-4.491,11.082,-11.725,-8.986,7.4,-1.444,0.937
-5.14,-18.09,12.319,-6.869,-6.126,-11.418,-13.844,-7.225,3.92,12.72
6.314,-16.973,16.439,9.579,4.877,3.907,15.959,-5.595,2.143,-18.444
-11.795,10.656,1.022,-6.973,-13.273,-12.239,-10.555,-16.34,10.899,1.803
5.22,9.528,1.645,13.511,13.514,9.43,-12.289,7.733,-15.645,3.603
1.946,-15.731,3.084,-1.303,1.373,-11.126,-6.07,14.849,-14.605,-1.477
-10.965,12.671,18.145,4.245,5.995,-1.637,-6.894,7.799,1.771,-13.101
12.247,-11.172,-8.972,-0.492,1.115,13.281,11.419,-3.395,2.345,15.452
1.776,-12.021,-11.77,-0.259,1.39,-9.794,-8.326,0.636,-8.617,9.248
11.718,14.665,4.22,1.483,-2.35,8.716,14.221,0.474,2.804,-5.236
-17.506,-6.002,-4.885,-17.145,15.25,0.792,10.111,-5.826,-7.923,9.711
-16.998,-7.414,10.192,-7.98,-5.896,17.823,-5.373,13.529,-19.646,-0.633
-5.106,-7.559,-1.912,-5.938,15.712,3.924,13.931,-13.056,2.106,-13.757
-6.957,-10.522,-2.801,-9.979,-6.789,2.633,2.085,14.51,14.023,-2.545
12.879,-2.285,8.818,-0.965,7.287,-12.253,12.858,4.255,-13.716,-1.141
3.786,13.583,13.647,-5.414,15.532,8.116,7.71,-4.429,-5.673,-15.587
-2.643,10.604,11.645,-10.511,6.526,-2.019,-7.787,12.321,16.296,1.599
14.234,1.097,10.047,-12.304,8.252,-10.134,-0.101,-11.412,0.343,10.049
-5.709,18.377,3.299,17.327,10.45,6.303,-3.391,-9.107,-11.025,-4.294
-8.552,-7.374,-2.03,6.419,9.883,-16.041,-0.581,7.607,0.156,-17.502
-13.909,-10.013,2.495,3.07,5.247,8.947,-2.932,-17.101,7.717,15.931
-4.968,-4.854,-9.387,-12.776,-4.208,-5.699,-13.152,1.19,-6.023,8.601
19.413,4.649,14.291,4.132,-4.899,14.226,2.662,10.62,9.468,14.222
-5.541,4.156,-13.078,-2.935,0.018,-7.445,0.378,-15.347,17.714,-9.261
-0.977,-16.761,-16.436,-1.126,-3.882,19.432,18.044,0.54,-18.76,-0.113
12.743,3.457,0.316,-10.384,11.065,-4.516,-15.468,3.021,-5.137,18.721
11.943,-9.047,-13.484,7.956,-6.971,9.03,-17.381,3.138,-1.003,0.865
9.967,15.455,-14.284,-5.774,7.807,-5.979,-9.344,-12.01,9.747,-11.903
-5.295,15.841,13.24,12.11,-0.585,7.634,-9.405,-2.569,-2.458,-14.349
-9.537,-16.354,-10.36,6.848,9.407,-13.823,-0.437,13.201,-13.799,-5.596
7.158,4.027,-6.823,7.847,6.985,17.847,-7.099,12.812,-1.228,15.589
-2.664,5.486,11.273,3.384,-9.06,6.993,-12.793,-14.164,9.234,-14.311
-3.728,-10.076,6.072,0.885,-7.663,-2.495,1.688,-15.167,-1.419,-7.113
-7.01,10.618,-16.985,7.236,-10.185,-2.741,-14.245,8.523,4.96,-4.774
-11.705,-1.606,-1.719,-17.263,5.206,-13.981,-7.454,5.933,14.676,-11.368
5.34,-12.029,6.505,-10.623,2.146,-1.433,3.64,17.961,-0.855,-9.901
5.278,-3.987,-15.708,4.008,-16.509,4.353,12.009,9.217,-1.16,14.091
3.799,-18.446,-11.695,2.021,-7.007,-5.146,1.389,-12.292,-3.032,-12.172
-8.291,17.25,5.289,-2.143,15.99,-8.256,-15.77,4.277,18.114,0.833
11.044,-15.722,-18.541,1.119,16.166,9.983,11.772,-2.291,-4.031,18.648
12.865,2.741,6.264,-7.811,-14.79,-1.161,9.962,-15.229,-1.892,4.654
-14.447,6.79,-3.814,18.054,-14.532,-11.402,6.756,4.057,-5.528,3.531
10.225,-13.06,-4.761,-14.153,-12.622,6.519,-7.41,15.342,10.938,-16.207
-12.295,-15.262,9.105,-7.956,-14.377,10.066,-15.51,9.981,-0.806,17.927
-7.382,8.042,15.594,0.237,13.406,-10.824,-18.655,6.805,-6.126,-5.601
-14.53,-0.356,-0.344,-2.365,-6.003,-17.405,-1.297,-2.563,-0.737,-14.43
-7.745,16.425,3.226,-7.844,-3.277,-8.432,-5.756,18.386,7.249,-8.68
-15.682,10.758,8.84,-15.473,-7.578,8.099,0.576,9.051,-3.427,-2.657
9.582,5.463,8.318,-6.388,-10.765,-4.959,12.144,13.559,11.052,-12.679
-2.228,9.939,4.666,-8.027,5.328,11.054,17.44,-9.436,11.068,10.853
6.178,12.25,-14.474,-4.805,-16.732,7.378,-9.498,17.221,-10.132,12.734
4.39,-15.227,-3.071,11.01,-13.223,-0.651,2.826,17.627,13.844,9.064
18.467,-4.001,-1.633,-14.942,-3.938,2.189,1.375,-2.246,-11.477,-5.332
16.991,-2.193,-13.958,-9.339,-13.721,9.587,5.448,-3.604,-15.764,11.218
-12.541,-7.87,8.119,17.373,10.004,14.277,-17.274,-6.072,16.506,-10.027
-0.416,-5.75,-9.554,-17.156,1.249,-7.598,-13.93,10.15,-4.403,-9.532
-8.223,-16.146,8.447,10.077,-3.372,-3.72,12.75,8.515,11.841,-9.08
15.221,1.505,8.441,1.001,13.792,-12.954,9.888,-6.133,-16.807,6.321
14.444,8.949,-8.294,-0.892,6.458,-2.385,-2.342,1.44,4.933,17.525
2.107,-2.955,-6.476,11.592,12.742,1.072,-14.495,8.105,-1.554,-3.245
10.661,5.138,0.509,-9.875,1.563,-19.787,-12.171,8.056,-5.925,-15.423
4.734,-3.669,9.408,8.489,8.143,-15.699,12.085,-11.565,11.821,1.65
-18.247,0.638,-7.372,10.85,-4.474,-7.341,19.216,-3.281,2.641,6.808
-16.267,2.721,-2.889,12.221,10.951,-7.839,0.103,-2.147,0.79,1.238
-9.396,-9.926,5.334,0.371,-7.18,16.555,1.996,-18.315,-18.312,7.763
6.942,4.419,-1.201,4.107,-12.24,-14.485,-4.942,5.089,2.712,15.473
1.39,18.194,-9.097,-11.117,4.736,8.275,15.511,5.345,-1.807,-1.499
-0.107,18.719,9.634,-5.232,17.574,-8.849,-10.553,11.514,-6.455,-3.396
-13.378,-12.677,19.059,-3.898,4.211,-6.205,9.269,-11.811,-0.102,6.158
9.835,-1.059,-3.73,5.781,3.19,-9.922,8.54,12.085,7.814,-10.744
-3.819,1.399,-6.903,9.656,8.911,8.518,3.461,-5.406,-12.419,-14.677
-3.221,5.571,11.141,8.781,16.512,-1.233,-17.449,-4.096,-7.337,-18.163
8.32,-15.891,-13.995,2.608,2.711,-13.193,-0.538,-14.87,17.058,1.375
16.266,-3.91,-5.27,-1.983,13.994,-13.368,-15.296,5.757,14.992,-5.985
13.13,-9.486,16.543,-1.307,12.564,14.628,16.757,-9.259,-4.528,-1.253
3.435,14.951,0.783,-2.437,9.571,9.051,7.316,5.745,17.89,2.706
-9.023,7.858,-5.92,15.905,-9.784,-2.356,4.79,-12.492,5.588,-2.095
-5.361,-5.914,0.507,-5.194,3.366,-0.65,1.486,18.562,5.723,1.016
-0.744,-13.577,6.769,-15.758,9.162,16.423,-12.053,12.574,-3.493,10.408
4.597,-17.602,15.423,-0.175,0.708,-1.408,9.34,-17.56,15.64,1.551
1.117,18.315,-14.548,6.104,5.303,9.941,-7.105,18.434,-1.495,16.826
-17.32,-2.962,4.039,19.087,14.369,-9.522,8.101,-8.045,-14.137,-11.355
-13.573,-11.256,-1.615,16.547,-5.751,-3.046,-9.664,-3.574,-0.223,8.176
-7.872,1.739,-17.339,2.444,-3.258,9.596,-1.647,14.92,13.615,-9.461
-2.84,-1.35,-11.133,5.7,-8.171,15.375,-13.499,-8.695,-3.028,-15.279
-17.452,1.279,13.405,-1.125,11.243,-11.573,10.598,-1.803,0.033,0.912
-10.057,-13.758,-12.221,6.118,-0.18,11.633,-3.906,-4.783,8.889,16.495
0.227,17.249,9.15,-11.353,1.284,12.441,-0.338,16.441,0.808,12.496
11.009,14.137,14.731,-2.184,11.765,7.446,-14.791,6.246,-10.635,14.6
-8.835,11.369,-8.261,-6.642,-6.928,14.568,10.11,12.908,10.959,-13.024
-6.049,5.16,6.235,2.33,10.327,15.797,-1.866,-4.317,-8.975,-5.357
7.866,-13.274,5.933,5.794,-16.292,4.254,-0.304,12.36,14.732,8.379
1.887,14.489,16.504,-5.957,17.196,3.618,-16.619,-0.032,-16.711,-7.587
-6.03,12.59,13.836,-0.061,-6.776,3.347,-1.655,-14.754,-6.112,5.447
1.683,-16.746,-4.965,-14.38,-13.029,-4.208,0.533,-14.817,-13.597,-10.357
-11.675,1.313,-18.098,1.507,-15.888,8.217,18.513,-2.015,-0.115,18.11
12.173,13.396,18.035,0.797,4.316,-18.954,-0.584,15.281,14.712,6.105
4.571,-6.49,-12.366,-13.33,-17.06,-6.369,1.123,11.236,-13.776,10.126
-7.015,7.864,-2.22,-19.538,-0.1,2.26,-11.486,-16.194,8.895,14.426
15.709,-6.145,-9.069,-10.798,0.355,2.076,-3.958,6.502,6.62,-18.053
13.317,-5.84,-2.206,-11.466,-1.115,-3.898,13.079,9.03,12.279,5.165
8.578,0.484,-15.143,11.841,-16.731,0.917,5.654,-0.889,6.112,13.005
-2.7,-12.927,-19.112,4.696,-10.986,2.265,-8.276,-5.927,7.497,-16.799
-7.12,-11.258,15.539,-0.061,17.68,-8.115,-2.379,-12.303,14.368,2.124
7.891,-2.338,-8.943,-11.877,13.44,-3.592,-15.372,-2.872,-10.388,1.184
16.018,-11.243,-4.331,-9.311,4.046,18.058,-18.726,-3.56,0.17,-10.981
-6.673,-10.497,-10.891,-0.453,0.079,4.541,15.571,-7.425,12.864,2.161
6.987,1.119,-16.585,8.833,-9.221,16.748,-2.615,-2.607,-9.048,-16.094
-1.668,-3.198,14.11,9.189,-3.616,-1.194,-3.713,-5.836,-2.723,-13.135
-4.153,10.541,-5.322,-7.779,-0.948,5.842,11.323,-5.424,-8.486,-5.613
2.355,0.502,12.466,0.444,2.384,-5.163,-6.89,6.743,14.289,0.047
-2.407,-11.423,5.905,-0.835,-6.674,2.785,5.453,-9.327,-12.982,2.394
-2.057,-8.525,-14.057,0.659,-15.837,-4.391,0.463,8.462,-2.304,-8.363
1.659,-17.116,7.109,14.744,-12.162,-1.593,0.992,-18.682,19.642,0.837
-6.721,-5.84,16.631,3.401,-3.999,-3.62,7.325,-5.099,-8.132,5.251
-6.237,17.146,14.632,-2.562,13.196,-12.295,1.975,18.762,-10.503,-0.145
-15.246,-10.255,-6.629,18.107,4.254,15.26,0.568,7.61,-14.339,-4.922
3.989,7.983,-13.158,11.201,15.844,-3.484,4.144,5.268,-16.622,9.797
14.357,-7.735,11.99,-5.268,6.652,-11.063,-16.194,4.062,-7.603,9.019
-6.446,-11.392,-1.146,13.026,5.481,10.939,-10.05,4.233,-4.563,-12.97
-8.472,10.503,12.567,12.197,16.208,-5.459,8.357,-0.507,18.277,3.93
10.663,2.502,11.098,2.335,0.611,1.36,-7.682,-13.833,10.947,-6.176
2.444,-14.018,4.691,-1.798,2.107,-16.446,-4.662,2.624,-0.205,-10.804
-2.026,-16.729,-11.686,4.22,12.962,8.626,-16.146,-3.553,7.645,9.609
11.552,2.544,2.024,-1.486,-3.673,-10.446,15.205,-4.888,-4.559,1.579
-10.844,16.691,7.525,-13.024,16.793,6.174,-7.376,14.141,3.308,13.591
6.298,-4.709,-14.789,7.372,-5.969,-2.862,11.257,7.771,5.774,9.753
3.84,-6.022,11.903,-12.454,7.244,0.675,3.652,16.481,11.784,3.256
-1.216,-9.262,-3.476,12.748,-9.588,-12.51,-12.871,9.051,-1.687,4.294
0.192,8.455,9.342,6.616,9.494,13.815,-7.499,-2.432,15.32,9.871
-1.782,-17.175,8.928,1.736,13.89,14.326,-1.516,-9.348,8.114,-3.102
8.905,-0.921,-1.375,-16.263,-10.908,-4.605,-7.636,11.356,10.355,7.321
3.721,-9.5,16.676,-9.571,5.286,-5.666,-12.341,-3.576,-11.001,7.744
4.379,12.696,1.731,-13.575,6.111,3.671,6.684,17.721,-11.242,12.488
2.765,4.059,-6.952,-5.843,3.951,-0.53,10.766,-8.899,2.661,17.505
17.639,4.134,12.628,-6.613,4.906,15.79,-9.593,11.195,-3.556,-0.564
15.072,-11.795,-10.566,7.899,-2.373,14.235,-3.71,14.225,11.434,-7.929
-1.861,8.55,14.509,9.339,1.235,-3.626,-1.124,-4.379,-8.744,-12.083
-12.648,-3.972,9.201,-2.897,1.493,-12.07,1.379,-16.547,7.328,13.785
-12.195,-15.297,11.597,5.018,13.937,3.915,9.418,3.607,-15.754,9.364
-1.316,16.399,-10.242,-0.136,-12.022,-4.339,-12.287,-5.634,-6.23,4.843
-8.421,-12.238,-5.595,6.356,-5.632,-9.841,2.961,-0.046,-2.281,-12.775
7.381,15.537,-17.473,3.436,13.265,-1.889,-15.178,8.51,15.972,8.563
5.258,19.174,-10.351,9.577,-0.169,-10.211,-8.424,-15.454,14.388,-9.499
-10.34,3.112,10.549,10.042,14.362,-8.434,10.191,-5.064,2.217,-12.409
2.43,-2.48,-12.482,3.705,6.978,-5.722,2.387,13.647,9.435,7.745
3.029,10.561,3.244,10.699,12.485,-9.735,-10.709,13.869,-15.165,1.164
-18.412,-2.028,8.783,13.07,14.817,-0.146,4.156,14.236,0.328,-2.02
6.901,-6.294,-3.038,18.698,10.891,2.776,-10.498,-14.681,9.386,-16.276
16.377,1.138,2.049,15.312,-6.265,3.727,16.197,1.644,0.738,13.4
-18.047,6.979,-17.493,-2.796,6.941,9.438,10.016,11.946,6.607,11.378
-12.985,-8.883,4.158,5.525,-6.607,-10.552,-18.048,-0.314,2.056,13.17
-3.66,10.4,2.345,-9.157,8.331,5.016,-9.215,9.173,1.682,4.463
-0.753,16.637,4.261,11.48,-5.327,-6.64,-10.864,11.476,6.899,-10.608
10.964,-4.014,11.546,0.776,-1.404,12.057,-0.258,17.56,1.191,-1.031
4.828,10.916,5.621,5.084,15.73,-6.992,-1.577,11.011,-5.413,-5.8
3.176,-8.008,-7.039,18.503,1.664,17.77,-4.174,-0.328,-3.413,-12.609
-10.03,5.575,16.458,2.776,-11.087,-15.823,-1.058,-16.416,3.099,10.307
-5.105,-18.958,15.116,0.336,5.613,-5.801,14.654,13.133,-5.183,-9.914
2.093,-8.203,-4.037,-10.96,-4.265,8.433,-8.446,-9.849,-4.559,-0.755
-1.407,6.208,-0.455,4.343,4.963,-9.857,-1.806,-16.254,2.316,-10.582
6.146,-12.009,-0.655,-11.843,-3.015,-5.355,-14.092,-5.166,8.727,4.838
3.723,-7.673,-1.13,-7.233,-13.251,4.834,-11.267,13.533,-2.842,16.553
18.804,-5.905,2.241,-6.602,9.22,-11.467,-1.283,10.316,17.279,-7.91
-1.208,-7.721,9.121,7.849,14.833,12.92,-3.888,16.164,7.541,-5.095
-15.936,2.727,-11.597,-13.219,1.934,19.883,-2.367,13.247,-17.622,2.778
7.933,-12.184,10.379,0.363,-15.253,-2.578,3.641,15.032,-11.086,-5.589
-9.642,4.043,3.392,13.049,2.638,11.728,17.848,-3.241,3.5,0.441
-0.308,3.81,7.715,5.594,4.459,-16.474,0.567,-14.151,-1.938,10.302
7.967,-1.87,-15.291,6.011,-0.274,-7.5,-13.622,-0.585,-6.441,-18.527
-17.111,3.203,2.09,-12.823,-13.944,9.164,-10.414,-12.194,10.467,1.018
6.529,9.355,0.585,14.575,-17.407,2.685,-15.47,4.859,16.943,1.005
-15.772,2.11,-9.29,1.994,17.908,-4.681,9.722,14.977,4.394,3.035
0.239,6.224,-7.975,14.609,10.126,10.354,-13.957,-3.961,15.817,-7.078
1.102,-11.513,13.586,9.753,-0.217,-18.682,-0.134,2.289,3.73,13.987
17.354,-3.579,5.323,-1.361,-14.759,-11.182,-5.993,15.342,10.686,2.111
16.838,4.839,-9.115,-10.585,-13.647,2.82,1.426,19.871,-3.292,-15.616
18.151,4.642,-3.79,11.385,10.169,10.578,4.82,-11.694,-9.908,-15.399
-10.13,-12.717,-4.283,-4.154,-15.616,-3.3,-11.237,-7.947,4.075,-16.944
6.856,-11.136,7.969,10.007,12.236,7.89,-4.542,4.472,-12.973,4.213
-0.09,-9.617,0.315,3.3,-17.493,-6.953,-17.157,0.332,4.928,-5.387
-4.664,1.271,0.883,14.049,5.613,0.751,-0.696,17.032,-11.913,-11.372
2.618,-17.741,7.733,-0.811,-6.819,17.612,10.814,0.252,7.296,-13.599
1.883,-17.648,4.281,6.301,-5.846,6.61,-3.794,12.86,16.884,0.13
-16.301,1.062,9.651,-5.478,-15.303,-1.954,-12.934,-5.502,-2.589,-1.059
-19.597,-2.872,6.921,11.454,6.605,9.199,-12.939,-8.525,-5.757,-9.066
-12.997,8.55,11.114,6.232,11.63,13.271,6.432,-13.176,-12.694,13.624
12.176,9.492,-8.274,-10.902,0.359,6.671,-8.116,-1.949,3.028,5.994
-1.433,-17.435,7.106,-17.503,-16.45,-10.032,16.472,-9.395,-1.603,-12.852
6.964,5.907,-5.739,2.952,-6.947,-11.152,-11.531,10.538,-3.963,-16.523
7.852,-3.667,19.028,4.986,19.124,-1.612,-9.873,-4.177,-4.274,-5.019
7.847,4.732,16.063,4.186,-0.634,17.536,-13.024,12.574,15.994,-9.123
15.533,-8.066,-5.135,15.269,2.42,5.632,-0.254,8.579,-17.735,8.082
-1.204,9.523,14.053,9.617,2.837,18.289,-5.775,4.23,-13.114,4.147
-11.228,0.188,1.265,15.454,5.912,-10.312,-1.678,0.627,0.494,13.107
7.117,-11.204,4.521,0.214,1.243,3.055,-5.083,1.68,-5.866,2.394
16.832,2.754,-11.802,11.485,10.453,16.332,-13.878,-1.166,-2.734,5.927
2.557,-18.176,18.667,5.992,-14.557,6.325,-5.718,-0.593,-13.367,6.809
4.348,12.715,7.278,12.926,-13.156,11.55,-5.937,18.123,-16.803,1.695
16.334,2.874,-8.795,-0.248,5.688,-3.344,-5.876,8.926,-15.62,-1.269
-4.912,-7.466,9.423,4.878,-12.254,15.168,2.463,-4.191,-17.249,0.636
-12.607,12.566,11.348,-15.309,-1.3,2.525,-17.362,2.127,3.586,14.172
-1.843,4.015,2.074,1.526,4.082,7.838,3.31,10.656,-3.255,16.03
-3.696,-10.008,4.021,16.213,-1.358,8.539,6.762,-16.395,-4.641,-7.619
4.269,18.028,4.888,-2.311,-8.745,-1.734,2.525,-2.4,-8.882,-9.773
-10.407,-4.215,-13.168,-13.87,-0.903,-3.706,-6.376,5.162,8.454,-16.489
16.191,1.797,8.501,-16.873,11.976,7.934,0.47,-2.818,-3.456,3.886
-7.817,3.152,-2.064,5.926,-3.75,18.126,3.262,5.023,-6.597,-16.765
15.161,7.321,11.853,10.566,3.052,-19.084,1.245,-6.185,-14.278,8.993
-0.369,19.431,16.405,9.163,-15.27,7.877,10.009,8.166,-18.678,-4.095
2.657,4.051,-13.731,9.725,-4.453,-12.674,0.829,-5.415,-19.258,3.478
-7.392,-8.177,-17.57,-5.12,-10.722,-0.922,-18.019,-8.273,18.877,-4.805
3.105,-15.45,-14.517,7.337,0.008,-1.824,4.952,7.823,15.381,-5.085
-8.78,0.976,-0.123,-1.278,3.775,-17.716,-8.063,-5.825,-9.851,6.037
14.704,4.285,3.197,5.795,3.739,16.238,-10.006,5.166,11.559,-10.981
-16.291,1.361,1.417,-3.077,-12.243,3.138,-4.714,2.965,7.627,-11.839
6.678,-3.31,-0.618,9.667,-2.874,19.666,11.718,2.844,1.83,-14.159
-0.673,-4.037,-9.133,11.827,-5.117,-5.865,3.071,14.502,-17.413,-7.957
1.897,1.402,-10.19,1.937,-11.333,-5.466,8.939,-14.452,-14.236,13.233
2.916,-10.347,5.241,12.94,3.854,-9.373,-9.804,-5.243,-14.265,-7.66
-4.801,-10.966,-17.856,-1.258,8.284,2.021,8.071,-11.031,9.071,-15.775
-0.467,3.809,-11.835,2.541,-7.174,-10.466,13.914,11.197,-7.498,6.442
-9.903,-6.68,-0.487,4.164,8.717,-2.663,11.557,-6.032,-17.065,-4.237
18.079,5.948,-19.536,4.162,-0.931,-0.202,-14.82,-2.226,10.065,3.541
-0.148,-6.423,-8.494,11.293,-2.98,-9.455,3.414,1.206,11.45,-15.608
1.114,16.533,3.576,-8.323,19.654,1.077,5.312,-10.968,-6.489,-16.698
-0.162,18.052,10.235,0.21,3.88,-16.189,4.048,4.357,-11.139,-8.347
-4.25,-9.557,-4.312,9.202,-12.704,-6.537,10.177,-15.024,-14.484,-3.901
11.456,15.398,0.877,-10.537,6.806,2.221,-8.585,5.319,-9.889,0.831
12.812,15.315,-9.581,-3.85,-0.965,-17.937,15.565,-11.368,13.852,1.592
-8.655,14.223,15.615,0.743,-4.159,-3.105,10.332,11.699,0.991,-19.373
5.53,-16.607,0.379,18.699,12.467,10.829,3.505,-11.486,9.762,1.959
3.626,14.659,4.919,1.352,13.508,-10.178,18.621,0.974,3.419,4.713
16.611,8.447,5.646,-14.655,-15.793,11.956,-9.954,9.145,13.003,11.673
-0.744,5.463,12.081,14.271,-8.936,-10.86,0.81,-1.609,-8.132,1.84
8.566,-3.765,11.077,-15.982,15.725,-9.992,9.332,-6.211,-0.106,12.304
4.651,18.625,13.437,-14.437,13.148,-11.459,-16.016,-2.904,-12.214,1.44
2.322,6.23,3.335,15.188,6.629,-1.986,12.531,13.882,14.415,-9.958
0.965,-8.017,-11.225,11.285,12.931,-2.703,-4.176,12.714,4.355,-15.684
-1.146,-9.915,14.62,-13.449,1.917,7.435,3.746,15.103,9.755,-14.053
-8.619,15.185,19.444,-1.689,1.123,0.634,-15.927,-3.358,14.539,5.453
7.975,2.387,-5.498,-6.176,-5.066,-11.531,4.724,16.069,-2.93,6.228
-12.525,11.023,-7.231,-9.098,-3.829,11.942,-11.94,-14.122,3.901,-13.395
3.989,13.097,7.083,-10.655,2.573,17.359,10.003,7.015,3.135,-15.791
6.721,-9.735,-7.421,-0.912,-12.942,-4.963,0.724,11.712,11.834,-16.116
1.542,18.017,-1.546,5.733,10.372,10.823,-2.256,14.676,-14.097,-0.319
1.907,4.314,-15.587,5.677,-6.673,6.048,3.621,-4.771,-16.925,8.293
7.537,16.014,-14.079,-7.862,-6.583,13.544,0.626,-4.836,2.28,14.938
7.852,15.354,7.847,-8.861,-12.772,14.875,-2.918,15.89,-13.069,-12.293
-5.463,19.044,6.698,-3.514,-8.982,8.44,11.722,4.847,7.158,3.946
11.549,-15.806,-1.214,4.354,-4.011,-19.242,2.125,-19.833,-9.107,-8.001
-8.497,8.448,-15.218,-5.783,6.464,14.715,18.872,1.434,-19.009,1.931
2.648,4.729,1.214,-2.389,7.06,-5.093,-5.468,-8.943,-4.967,-7.04
4.645,12.026,-1.854,-0.939,14.033,-5.02,-16.934,-9.128,14.212,12.125
-3.072,13.399,-18.924,-0.789,-0.926,-5.28,-5.628,12.224,-3.404,-5.21
2.554,9.552,14.887,-12.424,-14.495,-9.565,-9.678,11.177,13.558,2.93
7.098,-11.962,11.194,4.923,15.363,9.133,-0.589,3.642,0.324,-3.926
-0.316,-2.147,11.774,-7.694,-18.527,5.735,-9.833,-9.969,-8.355,-7.451
-2.566,19.142,14.151,-7.055,-11.947,-1.602,-1.751,-15.824,-9.664,-0.639
6.782,-16.266,18.108,-2.636,-9.574,15.107,-9.305,-4.05,4.144,-14.166
-5.066,4.913,4.451,-17.699,-11.597,4.035,2.486,15.243,5.616,3.87
-10.792,16.405,6.258,2.158,12.425,-5.286,-9.913,7.186,-2.019,17.471
-2.913,-10.56,-18.033,-6.726,-11.46,-10.921,15.362,5.662,14.237,-4.411
1.716,5.108,14.779,3.455,-13.74,4.58,-19.714,1.574,5.955,-11.879
-4.065,-2.074,-3.771,6.202,-13.152,-7.95,5.769,0.003,1.555,17.585
11.008,-16.107,-11.921,-7.644,9.066,-12.686,12.343,-2.82,12.22,9.714
3.676,-8.732,18.983,0.903,-12.802,-9.522,5.639,7.318,13.188,-10.24
-8.268,-14.364,10.145,-5.325,-1.932,-11.399,-4.393,-5.053,-12.143,-1.696
-2.748,-14.752,-13.121,6.971,0.066,0.262,4.733,-8.063,5.053,-2.356
-4.137,5.762,9.711,-17.012,-0.144,2.322,0.949,-9.684,-1.116,4.468
18.983,-5.111,0.921,-16.38,-8.656,13.51,15.422,11.294,-1.221,-1.267
-0.98,8.631,-14.775,-1.586,-7.276,-4.788,-18.123,8.442,-11.348,-15.995
-8.038,-6.377,18.761,4.191,15.904,-7.745,16.31,-7.499,-9.404,-16.898
-14.573,-6.409,-2.28,10.285,-6.038,-3.154,5.025,7.726,-7.286,-11.37
-6.572,9.155,-3.326,18.028,8.279,18.184,-6.298,6.658,-7.921,18.254
10.202,9.522,-10.078,17.108,1.794,3.428,5.224,0.024,5.839,-14.278
3.775,-8.885,-5.555,-7.061,-11.778,6.342,12.035,9.665,-5.671,-19.085
10.331,5.682,2.161,-18.529,-8.654,6.944,8.959,-15.535,-11.768,-8.193
3.432,-10.653,-2.798,7.23,11.648,-5.869,-4.545,15.004,2.339,0.93
-6.494,11.348,19.352,4.341,-9.019,4.578,-12.224,-12.83,-11.29,-7.859
-0.204,-8.958,-14.2,-3.482,16.208,-2.182,5.672,-14.558,10.51,13.9
14.654,-4.811,6.997,5.783,5.017,-7.357,-1.388,-3.678,7.432,2.674
16.414,2.858,11.982,5.566,-1.523,-15.894,-7.264,9.918,-6.047,-6.591
-11.757,13.452,-4.202,19.399,-8.141,-7.472,7.785,-15.523,-0.107,3.201
8.727,-8.7,-4.01,18.241,8.084,13.658,-1.543,-7.715,5.052,19.234
2.661,-6.025,-5.477,-15.337,-13.983,5.057,3.432,-13.515,8.802,-11.192
-0.119,5.118,-17.807,3.115,-0.822,13.151,-0.749,-11.137,-4.862,-11.185
-14.815,9.684,-4.395,12.033,9.022,-6.929,-13.661,-3.909,-13.285,9.598
-8.293,-6.603,-8.205,11.732,-7.552,2.816,18.667,-2.773,-0.969,11.44
-5.158,12.323,-12.573,-12.13,3.472,17.995,8.316,-4.101,2.323,3.519
-8.728,-17.058,6.289,-18.114,-16.029,-9.335,-11.919,8.527,-13.337,3.94
1.725,11.904,18.65,5.55,7.964,11.787,14.525,-11.465,17.553,-0.102
-4.114,14.566,12.673,-10.997,-4.133,1.824,13.468,-5.565,-1.296,-17.916
-5.17,-14.42,-8.584,-2.359,6.18,-6.016,-7.208,-17.17,-9.691,0.526
-0.952,0.47,5.179,-19.236,-13.377,6.39,-16.15,-8.707,-2.661,-18.367
19.743,-3.099,-4.873,-5.043,-11.778,-3.711,-11.618,-16.085,8.588,-10.359
3.195,5.372,-12.528,12.935,-18.888,4.627,-0.265,12.898,-12.519,-0.881
-10.68,16.236,-2.907,19.442,-6.993,-4.746,8.349,15.357,-3.033,-9.752
0.437,6.369,15.575,2.898,-1.806,6.952,-6.328,-10.772,-18.883,1.308
-13.266,6.25,-13.853,-8.576,4.148,-5.562,-0.516,-10.295,6.434,-4.86
-0.427,-13.636,-1.922,12.19,3.122,3.921,17.313,3.768,-0.936,14.73
-2.422,6.195,6.99,0.433,-2.015,-11.138,-5.512,-11.225,-4.792,-13.826
-6.153,-14.949,18.578,3.287,13.355,14.142,-1.354,8.008,-12.944,-10.475
-12.241,13.416,7.396,3.425,5.882,-8.737,-16.706,5.789,-11.625,5.333
7.215,-17.091,6.051,-2.962,-4.219,9.924,-19.328,-2.226,-0.546,18.172
5.845,-10.819,17.317,4.966,-19.291,2.93,11.306,-4.309,6.841,-5.479
-12.377,-10.752,5.147,-14.845,14.538,-7.781,-11.363,-9.017,-0.098,-9.951
-14.844,-4.273,-8.35,6.098,-4.472,0.281,-9.216,-4.271,-3.53,-13.534
-5.059,-16.787,7.324,18.212,-6.252,-10.21,16.475,1.519,-2.513,7.737
11.779,3.886,9.437,14.929,-12.528,-2.294,7.563,0.953,-15.734,8.677
-16.487,7.91,0.412,17.81,-5.783,2.811,-3.117,11.681,-0.262,4.32
17.658,-2.406,-8.269,-0.285,11.896,0.773,9.408,4.604,0.281,-15.094
-13.486,14.113,4.555,-19.448,-6.128,8.922,16.553,-10.115,-2.382,-0.523
6.234,-3.248,6.125,-12.824,6.399,-10.174,4.026,-4.422,7.341,17.822
-17.314,-6.79,10.797,14.717,13.165,1.493,11.813,-11.463,-11.624,11.811
-0.844,-9.53,9.378,9.605,-9.588,-14.022,8.438,-16.696,-6.038,3.467
-4.322,14.257,-16.579,1.019,-10.812,2.742,17.042,-7.129,16.197,10.238
-17.682,6.631,6.895,-5.921,5.611,4.51,-1.472,9.766,16.033,-2.101
5.729,-8.206,-11.802,3.618,4.12,18.949,8.666,2.132,-1.206,10.064
5.837,-13.775,14.959,4.821,5.279,-4.615,-0.908,-6.72,-1.301,-3.38
12.351,-7.944,-5.828,11.058,0.139,-8.84,-4.009,-8.56,-12.615,10.716
-18.271,1.167,-17.149,-4.086,-8.348,17.739,13.935,7.369,12.029,-10.512
-13.168,-5.836,4.537,1.238,-17.934,-3.662,18.175,-0.524,-11.007,8.537
9.998,-2.612,5.329,18.719,-7.08,-16.355,1.819,-18.536,3.494,9.287
-7.483,4.796,9.078,11.157,-6.966,5.904,-15.838,-10.403,1.99,-2.825
11.727,5.68,-5.991,-18.04,4.398,4.708,4.281,12.918,-6.929,5.486
6.563,-17.896,-1.891,1.535,1.421,11.77,-3.282,10.906,-9.795,4.848
-14.298,-7.395,-3.325,10.571,9.07,-9.342,10.868,-13.675,-14.625,-8.957
8.599,11.783,9.302,13.307,-5.295,13.476,-7.327,-6.74,-13.461,-5.429
-12.962,5.039,-5.77,-5.753,8.698,-6.775,7.873,-15.113,-3.148,-8.099
5.386,10.364,-3.464,11.505,11.227,-8.106,-10.025,-8.538,-8.919,6.746
-17.793,-7.423,-10.259,17.072,-3.613,-18.54,-10.789,-15.602,-15.496,-5.888
14.837,2.836,10.662,-15.73,-4.27,-13.215,-0.004,-1.211,-13.837,-11.084
6.54,-4.324,5.675,-3.104,-17.436,-4.364,-0.746,-8.662,-11.803,0.083
-2.302,18.36,2.226,0.744,-8.583,10.992,-4.6,6.3,-15.276,-9.431
-2.949,9.259,11.895,1.908,3.237,-7.487,-6.451,-9.102,-12.116,-5.18
14.956,-10.534,-9.384,11.854,8.98,8.577,-13.56,-14.214,-10.395,13.275
12.309,-0.994,2.934,6.01,1.289,11.217,15.634,-9.394,-16.837,-6.073
-1.782,-9.804,3.578,-17.139,8.482,-5.539,1.664,11.219,-11.105,-12.856
2.224,3.587,2.84,8.524,3.525,-18.641,-6.692,5.246,6.029,3.071
17.527,8.866,3.883,17.336,0.164,5.381,8.594,14.625,8.052,3.181
4.165,-5.92,-18.413,4.407,-7.114,11.785,14.15,11.139,1.104,9.558
-16.657,-4.586,10.227,-12.769,2.72,11.447,8.286,9.304,-1.386,-11.211
13.718,8.712,-0.638,-17.057,-6.907,0.664,-9.618,-11.849,-12.269,-14.831
-0.077,-7.239,-10.762,8.415,2.842,5.823,4.786,9.865,-12.01,-6.502
-5.088,-1.356,-16.687,9.629,4.298,-14.813,-13.536,-13.219,-14.638,11.153
0.283,-10.106,-0.21,-3.485,6.934,6.48,-6.237,7.051,-0.128,2.141
16.57,-0.81,3.919,9.942,9.308,-1.001,-6.882,12.085,-18.459,1.016
0.91,12.059,10.837,-7.577,12.672,-3.2,5.69,0.698,-16.862,4.111
16.176,6.888,9.395,-5.302,7.579,17.38,-11.552,-13.042,-2.918,-1.259
14.381,7.411,8.895,10.593,-16.175,10.541,14.048,5.117,-0.724,14.971
-14.25,0.727,14.168,8.287,8.268,17.048,-16.737,-3.209,14.636,5.008
11.447,7.203,19.589,-1.419,-10.966,10.281,-0.112,-4.388,-2.221,-11.198
-5.969,-12.074,-3.57,-3.216,8.126,-0.779,-17.046,3.681,10.317,-3.595
-3.766,5.005,4.535,11.401,-2.483,14.846,9.025,-8.307,9.849,5.666
-14.216,-12.168,-2.434,-1.677,7.428,16.679,-2.358,16.597,-1.107,17.143
-17.443,4.056,0.371,14.455,4.883,-13.959,9.832,8.405,-11.848,-12.875
-0.595,1.036,-0.35,-10.252,1.36,-5.816,-10.053,5.555,-13.461,-12.386
-7.354,-15.171,1.301,-14.164,-0.79,-6.435,16.606,2.658,-0.021,16.322
13.027,-9.791,1.815,12.191,-4.73,-2.631,8.183,9.623,0.687,1.945
-8.346,-13.643,8.364,-9.744,7.627,-3.82,2.065,0.751,4.451,-2.603
-1.707,17.223,-11.353,-2.783,-7.41,13.606,2.001,8.3,-12.803,-12.522
9.788,16.436,-8.478,12.767,15.572,-1.583,3.079,-4.589,12.836,3.238
3.584,-15.868,5.44,-11.769,-7.616,2.571,-12.338,-12.431,1.748,17.718
0.388,-16.664,-11.75,4.087,-3.856,-19.021,3.274,-7.922,14.634,11.694
-12.675,-7.624,-7.676,-1.902,0.447,-14.688,-7.835,-8.216,-15.114,-6.52
6.939,15.343,10.232,-1.998,14.703,10.72,-8.256,-12.294,7.876,11.351
-16.531,-0.311,-14.261,12.85,0.419,10.548,2.178,12.739,-12.216,-1.097
-12.296,-9.588,-17.735,7.548,-13.069,-0.335,4.592,-9.516,12.295,-0.295
-2.942,-8.077,-0.045,-4.579,-7.383,-12.469,-6.725,16.936,13.279,13.983
1.824,1.837,-18.68,3.849,14.055,-12.075,13.47,-1.995,2.531,-11.315
-1.474,19.886,8.36,-16.543,5.521,-17.216,9.631,-8.812,18.349,-5.126
0.594,3.623,-7.463,15.799,-7.127,15.305,-5.195,-15.538,-0.928,6.127
-19.369,-1.729,-3.98,-13.888,-8.655,-15.259,12.717,15.024,4.261,11.314
-11.754,9.599,-7.253,13.529,-0.09,8.549,6.855,-0.089,15.884,-8.537
-16.518,-9.279,-1.667,-2.434,1.012,19.305,-13.114,9.639,11.678,8.793
-17.061,-0.036,13.431,-9.15,-13.492,12.279,-11.147,-1.51,10.995,3.485
6.022,12.026,17.221,-0.622,6.427,-10.898,-14.876,-0.495,0.949,19.069
6.324,14.515,-1.645,-7.965,-4.604,-3.649,-3.695,4.596,-13.098,2.83
0.026,-1.103,11.219,4.76,13.529,-12.222,-2.848,5.392,-0.903,-12.305
-10.33,-14.117,3.247,4.391,5.757,2.013,6.19,13.03,3.422,-16.105
-4.229,-13.808,-13.745,11.429,8.244,-5.125,2.596,-10.592,9.708,-8.401
13.699,-7.8,-0.412,-14.463,-7.947,-12.524,-4.132,-17.482,7.064,-15.268
-4.377,-5.651,-11.232,-6.618,-10.534,-9.991,-0.144,-1.269,-8.495,-8.106
7.036,8.571,8.464,8.155,-11.866,-1.13,17.401,3.284,-1.272,16.417
-2.486,-3.821,14.831,1.707,10.459,2.334,6.704,-11.601,-12.865,-0.66
-16.125,-7.109,15.177,-10.224,-1.391,11.179,13.073,-8.031,-10.26,-13.08
7.839,-11.754,-11.463,8.788,4.283,4.066,-2.979,-3.52,3.418,7.365
-0.122,-2.298,-10.912,-4.294,-18.026,-2.714,12.621,-0.409,-4.963,19.002
16.424,6.284,-14.206,-13.243,17.861,-1.787,3.433,1.024,4.177,15.212
16.679,-6.14,-14.417,-1.379,-12.811,9.947,-9.192,7.19,1.368,11.613
2.663,14.231,6.635,-0.548,-13.781,-4.172,-8.642,14.901,-2.856,-6.792
6.332,8.493,1.399,-18.992,-0.209,0.015,-9.396,0.8,7.726,4.529
-2.546,3.629,10.949,-13.6,12.318,0.636,3.493,6.052,-1.979,-19.638
-0.081,-10.834,-6.841,16.21,-13.888,9.497,3.306,-6.837,-14.032,8.494
-2.721,-4.196,5.988,-14.585,-12.248,1.52,-17.909,2.544,-5.44,11.104
17.433,3.043,-0.48,2.896,-19.804,0.4,6.327,-14.206,11.726,7.162
11.213,7.725,4.056,17.305,-16.476,2.492,3.562,-18.497,2.851,15.047
-9.611,-17.111,-0.379,-0.189,4.199,16.314,17.533,1.448,-1.161,0.41
-4.654,-13.559,19.45,-0.811,-5.355,-10.216,13.828,4.612,-14.506,0.006
-7.751,-12.855,0.242,9.937,1.239,-19.175,6.246,16.974,12.2,-6.476
17.283,2.241,-7.137,14.395,-13.63,2.637,10.764,-13.482,-15.887,7.137
13.63,-4.995,-12.073,-3.415,11.737,9.949,-12.46,8.587,-4.082,3.457
-0.551,-13.374,-9.525,-0.313,9.517,11.986,10.183,-2.616,0.49,-9.354
-8.155,4.717,-17.598,-4.356,2.394,4.616,6.993,-18.328,-4.846,13.399
-13.673,-2.428,-9.718,-4.039,-8.159,-10.662,1.824,-17.036,-1.953,-18.769
10.33,8.022,-4.895,-6.458,-6.25,12.741,6.772,14.397,-11.685,-14.808
-14.423,-12.22,-1.526,0.769,7.803,9.517,5.639,-5.719,8.525,7.502
4.471,16.778,6.251,-6.07,-1.02,2.069,-2.864,6.2,14.248,-9.781
-13.379,-1.578,5.373,15.281,13.766,-4.317,6.553,18.816,6.37,15.234
-11.73,10.208,17.653,-5.477,3.224,17.497,-3.555,8.444,-3.594,7.384
0.278,0.59,-14.876,-12.822,4.897,0.738,13.522,4.379,9.958,-4.89
-17.518,-2.459,-5.338,-3.681,3.773,-1.301,5.488,-16.52,-19.365,-0.795
-2.282,-5.891,-8.983,-1.721,-9.728,-14.851,2.381,10.544,4.313,5.737
13.651,-14.561,1.263,18.168,2.517,-4.997,4.176,-4.862,7.523,-5.881
-3.385,7.439,-2.983,8.598,-9.236,16.635,-16.819,-10.347,12.739,-4.797
-13.072,11.292,18.125,6.857,-1.425,-1.867,16.433,-8.952,-18.015,7.902
-4.88,1.291,14.78,5.428,-5.494,18.488,-12.88,1.435,-11.342,-5.803
6.857,-6.039,-7.104,16.106,-2.531,-6.191,-0.338,4.66,16.38,-9.925
3.677,10.687,-7.023,13.585,-13.3,-0.84,3.829,18.22,18.766,0.2
8.169,2.473,-2.206,-5.446,2.619,1.098,0.264,-9.915,4.486,13.771
3.451,-16.665,14.409,4.907,-7.303,3.706,-13.172,7.005,6.571,-15.587
-13.204,5.741,3.141,7.061,-8.92,6.144,-6.935,14.47,-0.812,5.669
-14.336,6.954,-8.444,-8.885,7.174,2.527,5.427,-14.378,-14.657,7.329
4.12,-5.704,7.866,-6.522,15.322,7.028,5.47,-7.93,-2.647,-9.894
6.559,-10.327,-7.121,-9.592,-6.703,7.496,13.491,-3.681,15.051,-10.884
-0.679,-15.833,12.699,-3.76,2.895,-2.275,7.386,12.143,-2.997,-5.126
6.925,13.024,5.738,-14.998,1.161,-18.563,14.729,-4.362,-7.816,6.433
-12.268,-9.743,-7.977,-13.189,5.549,13.129,8.922,9.379,15.36,-5.653
7.231,-12.535,-3.668,9.087,1.58,-3.463,-10.662,5.921,14.279,-4.778
-8.498,4.213,-10.99,-11.225,0.529,-1.068,0.29,-7.986,2.35,12.196
15.13,1.288,-9.041,14.378,-8.881,-10.538,19.363,4.226,10.363,1.802
4.83,11.436,13.416,7.39,-1.235,-10.486,17.798,-6.241,4.707,-7.927
4.654,-15.083,1.89,-7.211,-13.798,-10.558,17.976,-1.824,17.735,5.605
14.648,-12.784,8.623,5.565,15.947,7.036,-3.108,-16.435,14.145,13.615
6.02,10.082,19.451,0.896,7.058,11.067,-13.651,12.815,-3.881,-11.471
-1.986,-4.145,-1.267,-12.106,12.753,12.691,8.653,-4.542,8.468,10.383
4.468,7.002,-9.254,-2.246,-0.324,-6.962,7.546,-8.595,-2.491,18.562
-4.81,1.526,-4.091,19.256,-15.806,3.872,12.223,9.155,-2.587,-18.183
7.635,-7.318,11.757,6.475,-6.398,14.114,-7.356,5.113,9.222,6.257
-0.737,12.792,-18.098,-1.492,-3.97,17.504,0.723,-14.933,17.84,8.715
17.957,-5.348,-13.173,13.506,4.314,0.965,4.376,-17.883,-6.556,11.872
3.043,-6.93,-12.128,-8.328,-18.792,3.456,14.67,7.216,0.063,5.594
-3.337,-5.776,6.764,-14.575,-1.732,-14.717,10.221,13.617,9.966,-8.958
-18.336,4.581,-11.463,10.692,7.233,18.638,-5.179,-16.904,-4.356,-3.758
9.963,-6.548,3.537,18.815,1.876,7.383,-13.478,-5.232,-15.216,-0.691
16.14,-0.073,13.266,-11.99,11.11,-1.277,15.937,-11.3,5.532,8.791
11.041,-3.316,-17.76,7.221,-13.259,5.122,2.371,-0.33,-16.249,-5.718
2.118,-13.548,-9.9,13.263,8.361,3.882,7.244,16.325,-11.809,-4.964
-1.315,1.496,-5.916,-0.004,-2.024,-1.651,15.215,-1.53,-10.673,-15.14
8.979,-9.563,-7.76,-2.643,11.648,-10.274,6.532,9.64,13.482,7.125
0.992,14.316,-10.416,-7.681,5.2,1.374,15.532,-2.589,-6.466,-1.4
4.209,-18.261,6.234,9.678,-2.739,-11.774,-0.634,2.78,0.88,-13.871
10.649,-1.931,-7.744,15.688,-7.797,-8.873,2.104,-2.689,3.113,16.223
-14.346,0.197,-1.713,-0.156,8.264,13.611,-13.594,-9.625,-8.82,3.179
-2.1,-7.494,7.224,-14.341,-13.032,8.858,-19.428,-3.908,17.984,-3.056
-0.828,8.521,6.513,-3.752,-12.577,10.723,11.669,12.476,-10.825,-7.031
-5.402,13.739,2.653,-3.058,-0.237,-3.659,14.185,11.155,6.0,-7.176
-2.081,9.18,8.543,7.584,1.663,10.953,14.389,-4.396,-18.658,-2.19
12.91,9.087,-9.086,-14.44,7.8,-6.474,8.654,9.05,4.025,7.794
4.614,11.154,-0.069,-15.634,-2.044,11.677,12.541,1.154,-7.712,-0.093
-1.953,4.444,4.297,-19.256,16.244,6.2,2.068,-0.534,14.997,9.48
-6.855,4.007,-0.151,-0.741,-15.295,0.357,-7.878,1.356,16.51,-2.014
10.911,1.304,-14.97,12.876,-6.673,1.564,0.954,-13.678,-7.895,-7.496
8.069,-4.103,-4.358,-3.212,5.783,-9.764,12.382,6.193,13.241,6.568
11.938,11.165,16.09,8.523,6.231,14.709,0.094,-6.37,11.445,1.554
-16.472,-4.87,-8.158,-8.47,-13.162,-10.514,5.408,18.104,-2.493,0.802
-5.586,-14.756,-6.867,14.529,17.973,8.161,-12.291,7.816,-17.061,-0.88
-19.738,-1.145,12.348,-2.062,-18.431,-3.586,1.595,-7.115,-2.274,1.343
1.096,5.587,-3.14,8.824,-16.666,7.298,10.561,14.37,14.072,4.099
11.089,-15.18,-3.056,14.437,-10.613,10.41,10.045,-6.199,-4.179,13.224
-2.291,16.814,9.131,-14.621,-0.012,-11.443,-18.927,-2.111,10.675,15.274
4.564,10.491,-3.877,3.338,-2.993,12.298,7.125,7.027,-10.984,-14.593
-12.517,13.02,-3.11,-5.189,-4.197,1.426,8.168,2.357,16.322,-9.18
-3.99,-17.08,17.851,-2.615,3.369,-9.615,2.734,-8.016,-7.72,2.512
10.596,-5.283,-11.507,3.604,18.849,-4.382,15.911,-4.277,7.481,14.522
-7.374,5.811,-8.186,-11.806,-18.032,-2.968,3.975,9.725,-7.049,-10.822
-9.552,16.621,-0.023,13.832,14.933,7.75,-5.761,-1.054,7.835,-11.33
-6.181,-9.253,2.926,-5.299,-19.016,-1.388,8.238,-1.102,-9.765,-12.113
-11.31,-16.146,-4.341,-6.12,12.135,-11.698,-11.858,13.718,14.809,12.066
5.801,-14.106,-1.285,-9.338,-18.785,4.63,14.182,-0.719,4.54,17.78
-12.022,-13.517,9.065,-5.956,-2.113,18.902,-12.954,11.141,4.053,11.135
-4.628,-17.513,7.68,-12.087,-12.064,0.745,-17.556,-4.902,9.624,4.768
4.758,-0.147,5.723,-17.168,-6.034,-18.965,-10.13,-10.027,14.53,10.441
1.59,5.122,2.846,-7.97,10.976,8.65,8.265,-14.198,-8.524,-2.686
-5.742,-17.458,-9.047,-4.465,-18.4,0.469,9.483,11.17,-3.398,0.095
-3.137,-2.777,5.642,1.385,8.856,-14.873,10.802,9.433,-3.813,7.078
-12.853,-9.54,-5.408,5.978,-3.901,-1.092,-3.326,13.117,6.137,-11.431
-0.623,2.316,9.338,-6.859,-0.554,-16.97,-12.46,6.013,-12.768,-7.389
-6.004,-8.969,7.403,16.234,13.962,-8.349,1.02,13.491,6.096,14.893
-11.07,-9.426,-19.516,-1.352,-10.424,-14.705,1.545,-4.227,-10.324,-1.837
8.573,-12.305,-4.446,3.451,14.574,4.266,-3.886,-13.905,-13.896,9.873
-1.083,13.087,7.644,-14.672,13.206,-3.028,13.82,-2.317,-6.207,-6.721
1.116,-17.144,13.272,-7.569,1.774,1.602,16.466,-4.072,12.09,-6.493
9.716,-16.932,0.915,7.748,12.218,6.782,2.504,-0.788,-5.898,6.551
8.611,-12.278,-9.44,-13.118,8.077,-11.748,-3.83,-18.867,-18.227,4.564
16.475,-2.35,1.737,-2.706,12.285,-0.919,-15.417,9.56,0.921,-17.612
6.191,5.568,3.829,-9.918,5.173,-18.04,-5.503,11.914,-8.091,2.113
-1.42,19.343,3.617,8.312,5.887,4.962,-12.57,1.464,-1.39,3.437
-1.876,-16.316,-5.709,-8.096,7.969,0.578,-13.068,9.138,15.73,10.705
-5.737,1.391,-8.738,2.928,-16.246,9.927,3.148,-0.247,4.361,-0.268
9.479,-17.351,14.239,1.207,10.147,-2.74,12.152,14.12,1.125,-16.443
-0.937,2.42,-3.558,-9.547,-1.546,6.289,-3.743,2.746,-0.041,12.764
18.468,3.393,-2.802,-7.658,10.041,15.415,-9.37,-12.789,-18.181,-3.603
9.789,-16.607,-18.454,-4.161,-1.656,3.659,-16.212,-9.696,-8.173,-9.886
-7.02,-4.884,3.338,11.321,15.669,10.212,11.478,-13.783,-15.553,7.161
-15.15,12.804,5.855,-10.174,-11.631,1.72,2.263,-14.088,-6.236,-5.559
-10.943,11.807,3.105,-4.042,7.279,15.561,6.092,-18.004,1.181,6.41
-0.082,-11.939,-1.653,-5.78,8.316,1.396,-10.729,12.612,9.084,-10.298
-11.36,-2.505,2.757,11.126,-2.153,-5.207,8.584,-17.31,-4.105,-3.991
3.969,16.766,13.584,3.001,-6.428,-11.661,-7.119,-15.43,3.429,-3.268
6.421,-6.072,-13.244,-14.638,-1.001,-13.166,3.72,1.563,-17.53,5.16
-1.162,-2.766,-11.79,-14.088,-5.605,-12.891,-5.305,18.72,8.666,17.705
17.986,-1.468,-13.308,2.443,-10.751,16.144,14.601,1.026,-4.414,-14.397
4.24,18.398,-9.002,-9.906,-3.694,-12.976,6.381,5.156,-10.626,-10.631
17.74,-3.704,0.626,-19.342,5.398,4.423,-1.526,8.367,-6.23,11.521
-2.485,7.391,-2.965,14.824,-9.823,-4.594,8.001,14.772,-6.567,-12.582
2.241,-16.344,-12.14,11.581,-1.044,17.021,0.298,4.603,8.338,18.143
-7.101,10.777,-5.204,-12.382,11.148,-12.439,2.225,-12.554,-16.846,5.589
4.223,-18.349,-6.411,8.101,2.105,5.796,4.981,-0.566,-2.613,3.511
10.665,-3.434,15.608,7.904,-14.95,-1.137,-17.765,-6.62,1.504,-5.587
2.443,19.365,-4.581,19.329,-5.736,-15.934,-5.231,3.704,-14.397,-12.047
-12.669,-0.538,18.808,0.846,7.437,-3.701,4.127,-3.15,7.417,16.805
6.952,-7.874,-2.372,-13.886,-12.481,2.629,-1.508,-4.805,3.572,-2.949
7.386,1.812,2.084,-3.388,6.912,10.741,-8.43,17.399,-1.202,-10.952
-17.193,9.218,-7.419,-4.963,-15.08,-2.037,-16.678,-9.885,13.455,-13.809
15.021,-4.834,6.257,-12.511,2.39,-4.349,4.281,19.418,-7.348,2.73
1.382,-3.582,-16.648,-9.645,-1.951,-17.125,12.096,-3.444,-12.757,-10.857
17.679,8.952,-10.689,-0.216,5.17,-2.3,-8.808,1.082,13.767,-11.819
-15.986,7.591,-2.137,-3.282,-11.387,13.454,5.344,1.265,5.253,8.965
4.526,-14.177,0.07,16.354,11.661,-5.842,8.151,3.214,-15.927,-8.438
6.663,-5.41,-2.888,-14.783,-1.982,-11.615,2.856,-11.11,-18.442,4.868
4.261,10.838,-16.729,7.291,-3.259,-7.675,-15.008,-12.65,-10.955,-15.854
2.418,-6.005,5.114,-12.129,13.779,10.099,12.73,-0.422,-8.574,14.413
9.558,3.378,12.748,7.23,14.356,1.975,2.367,14.728,4.049,0.789
10.498,-0.965,-4.889,13.538,-18.375,7.672,-7.057,-17.529,-11.674,-1.775
0.792,-19.06,10.887,-2.906,-13.102,11.452,-4.43,-2.18,14.039,11.023
0.464,-8.579,-9.108,-14.198,11.96,1.38,-5.126,-1.68,14.123,-13.5
-11.614,10.891,-11.169,11.663,-8.747,-2.183,19.213,-5.335,9.655,12.156
8.15,0.357,9.296,6.795,4.956,-7.536,3.169,-2.045,-6.276,5.603
12.303,3.112,0.959,15.805,16.005,8.123,-6.074,18.763,-5.992,12.306
-11.529,0.289,0.392,-13.373,16.569,-2.358,-17.353,1.071,-7.088,6.844
1.567,-2.716,3.948,2.95,0.799,-19.091,-12.645,13.792,-14.318,-3.389
-1.846,-15.766,-0.978,8.655,13.927,-1.867,10.886,-1.045,-7.085,-12.233
-17.864,4.237,11.703,-6.727,-0.426,16.317,14.755,13.432,-12.604,8.32
-9.309,11.402,-1.466,5.85,9.823,-8.261,7.662,-8.236,3.069,-10.168
-8.017,-5.442,3.794,16.049,-11.155,9.164,0.4,6.896,4.513,11.083
-0.74,-10.312,-1.692,9.383,-9.464,9.46,10.507,-0.198,5.982,-1.422
15.763,-8.155,-5.871,5.697,0.777,-3.346,-4.726,6.787,-7.491,-8.046
-19.71,1.396,-4.894,-12.464,-6.817,-13.093,8.7,-17.519,1.892,9.495
